playerId,name,status,tm_id,tm_name,score,fields,tm_url,expected_club,tm_club
184,P. Kieszek,no_match,,,,,,,
3390,Diogo Ferreira Salomão,low_confidence,145918.0,Diogo Salomão,96.7,"name,age±1",https://www.transfermarkt.com/diogo-salomao/profil/spieler/145918,Alverca,Without Club
5385,Luis Miguel Lopes Mendes,low_confidence,48703.0,Mano,30.0,"name,age±1",https://www.transfermarkt.com/mano/profil/spieler/48703,Vitória Setúbal,Retired
9467,José Vítor Moreira Semedo,low_confidence,33710.0,Semedo,55.0,"name,age±1",https://www.transfermarkt.com/semedo/profil/spieler/33710,Vitória Setúbal,Retired
22104,Nwankwo Emeka Obiora,low_confidence,127769.0,Nwankwo Obiora,96.7,"name,age±1",https://www.transfermarkt.com/nwankwo-obiora/profil/spieler/127769,Académica,Anadia FC
25955,G. Makaridze,no_match,,,,,,,
37757,Nuno Reis,low_confidence,83485.0,Nuno Reis,100.0,name,https://www.transfermarkt.com/nuno-reis/profil/spieler/83485,União Santarém,Mumbai City FC
41027,Victor Massaia,low_confidence,292353.0,Victor Massaia,100.0,name,https://www.transfermarkt.com/victor-massaia/profil/spieler/292353,Montalegre,CS Sergipe
41302,Washington Santana da Silva,matched,85308.0,Washington,130.0,"name,age±1,club:São João Ver",https://www.transfermarkt.com/washington/profil/spieler/85308,São João Ver,SC São João de Ver
43011,Filipe Alves,matched,435190.0,Filipe Alves,150.0,"name,club:UD Oliveirense",https://www.transfermarkt.com/filipe-alves/profil/spieler/435190,UD Oliveirense,UD Oliveirense
43118,Raphael De Mello  Fernandes Cornelio,no_match,,,,,,,
44462,Patrick de Oliveira Vieira,low_confidence,224852.0,Patrick,55.0,"name,age±1",https://www.transfermarkt.com/patrick/profil/spieler/224852,Anadia,Betim Futebol
44479,Caleb Santos Jordão Rocha Carvalho,low_confidence,177554.0,Caleb,100.0,"name,age±1,club:Atlético CP",https://www.transfermarkt.com/caleb/profil/spieler/177554,Atlético CP,Atlético CP
45002,Edson Rodrigues Farias,matched,240773.0,Edson Farias,121.7,"name,age±1,club:Académica",https://www.transfermarkt.com/edson-farias/profil/spieler/240773,Académica,Académica Coimbra
46091,Ulisses Rocha De Oliveira,low_confidence,145714.0,Ulisses,55.0,"name,age±1",https://www.transfermarkt.com/ulisses/profil/spieler/145714,Anadia,GD Peniche
48909,Willian da Silva Dias,low_confidence,517635.0,Willian Dias,80.0,"name,age±1",https://www.transfermarkt.com/willian-dias/profil/spieler/517635,Vianense,FC Maia Lidador
49212,Jean Batista de Andrade Pereira,low_confidence,120062.0,Jean Batista,95.0,"name,age±1,club:Lusitania FC Lourosa",https://www.transfermarkt.com/jean-batista/profil/spieler/120062,Lusitania FC Lourosa,FC Kopstal 33
50005,Jorge Filipe Avelino Teixeira,matched,59791.0,Jorge Teixeira,155.0,"name,age±1,club:CF Os Belenenses",https://www.transfermarkt.com/jorge-teixeira/profil/spieler/59791,CF Os Belenenses,CF Os Belenenses
51103,Paulo José de Oliveira,low_confidence,1502178.0,Paulo José,50.0,name,https://www.transfermarkt.com/paulo-jose/profil/spieler/1502178,Anadia,Globo FC
53090,S. Adjei,no_match,,,,,,,
67585,A. Sene,no_match,,,,,,,
68013,Nuno Miguel Sousa Pinto,low_confidence,48206.0,Nuno Pinto,80.0,"name,age±1",https://www.transfermarkt.com/nuno-pinto/profil/spieler/48206,Vitória Setúbal,Retired
70079,Kadú,low_confidence,61296.0,Kadú,100.0,name,https://www.transfermarkt.com/kadu/profil/spieler/61296,Oliveira Hospital,Retired
70105,Mika,low_confidence,565821.0,Mika Biereth,50.0,name,https://www.transfermarkt.com/mika-biereth/profil/spieler/565821,Vitória Setúbal,AS Monaco
70119,Rúben Rafael De Melo Silva Pinto,no_match,,,,,,,
70145,André Filipe Bernardes Santos,low_confidence,61743.0,André Santos,80.0,"name,age±1",https://www.transfermarkt.com/andre-santos/profil/spieler/61743,Varzim,Without Club
70164,Hugo Miguel Almeida Costa Lopes,no_match,,,,,,,
70187,Hélder Jorge Leal Rodrigues Barbosa,low_confidence,39784.0,Hélder Barbosa,70.0,"name,age±1",https://www.transfermarkt.com/helder-barbosa/profil/spieler/39784,Varzim,Retired
70275,Wilson Jorge Rosa Soares,low_confidence,484337.0,Wilson Soares,105.0,"name,age±1,club:Caldas",https://www.transfermarkt.com/wilson-soares/profil/spieler/484337,Caldas,Caldas SC
70289,Marcos Paulo Gelmini Gomes,low_confidence,77832.0,Marcos Paulo,105.0,"name,age±1,club:Académica",https://www.transfermarkt.com/marcos-paulo/profil/spieler/77832,Académica,Académica Coimbra
70320,Filipe Miguel Maganinho dos Santos Gonçalves,no_match,,,,,,,
70329,Renato João Saleiro Santos,matched,118330.0,Renato Santos,130.0,"name,age±1,club:Atlético CP",https://www.transfermarkt.com/renato-santos/profil/spieler/118330,Atlético CP,Atlético CP
70339,Bura,low_confidence,34987.0,Burak Yılmaz,0.0,name,https://www.transfermarkt.com/burak-yilmaz/profil/spieler/34987,União de Leiria,Retired
70346,Ricardo Jorge dos Santos Dias,matched,85763.0,Ricardo Dias,120.0,"name,age±1,club:Atlético CP",https://www.transfermarkt.com/ricardo-dias/profil/spieler/85763,Atlético CP,Atlético CP
70350,Jaime Daniel Melão Simões,low_confidence,74200.0,Jaime Simões,105.0,"name,age±1,club:União Santarém",https://www.transfermarkt.com/jaime-simoes/profil/spieler/74200,União Santarém,UD Santarém
70387,Ricardo Jorge Novo Nunes,low_confidence,22785.0,Ricardo Nunes,80.0,"name,age±1",https://www.transfermarkt.com/ricardo-nunes/profil/spieler/22785,Varzim,Retired
70390,João Manuel Antunes Dias,low_confidence,85766.0,João Dias,80.0,"name,age±1",https://www.transfermarkt.com/joao-dias/profil/spieler/85766,União de Leiria,Retired
70393,Nivaldo Alves Freitas Santos,low_confidence,197149.0,Nivaldo,55.0,"name,age±1",https://www.transfermarkt.com/nivaldo/profil/spieler/197149,Académica,Retired
70409,Arnaldo Edi Lopes da Silva,low_confidence,29366.0,Edinho,30.0,"name,age±1",https://www.transfermarkt.com/edinho/profil/spieler/29366,Torreense,Retired
70442,Cássio Albuquerque dos Anjos,low_confidence,53841.0,Cássio,55.0,"name,age±1",https://www.transfermarkt.com/cassio/profil/spieler/53841,Felgueiras 1932,Retired
70445,António Filipe Norinho de Carvalho,low_confidence,25289.0,António Filipe,70.0,"name,age±1",https://www.transfermarkt.com/antonio-filipe/profil/spieler/25289,Académica,AC Malveira
70506,Vítor Bruno Ramos Gonçalves,low_confidence,130635.0,Vítor Bruno,80.0,"name,age±1",https://www.transfermarkt.com/vitor-bruno/profil/spieler/130635,Académica,Anadia FC
70508,Elízio Adriani Silva Albues,low_confidence,80144.0,Elízio,55.0,"name,age±1",https://www.transfermarkt.com/elizio/profil/spieler/80144,Fafe,SC Rio de Moinhos
70522,Diogo Filipe Guerreiro Viana,low_confidence,72855.0,Diogo Viana,80.0,"name,age±1",https://www.transfermarkt.com/diogo-viana/profil/spieler/72855,Trofense,SC Mirandela
70533,Tiago Mesquita,matched,130622.0,Tiago Mesquita,175.0,"name,club:Lusitania FC Lourosa",https://www.transfermarkt.com/tiago-mesquita/profil/spieler/130622,Lusitania FC Lourosa,Lusitânia FC Lourosa
70587,Michael da Conceicao Figueiredo,low_confidence,100220.0,Mika,30.0,"name,age±1",https://www.transfermarkt.com/mika/profil/spieler/100220,Lusitania FC Lourosa,Retired
70588,Nuno Henrique Gonçalves Nogueira,low_confidence,86645.0,Henrique,55.0,"name,age±1",https://www.transfermarkt.com/henrique/profil/spieler/86645,Lusitania FC Lourosa,Retired
70595,Hélder Castro,low_confidence,62634.0,Hélder Castro,100.0,name,https://www.transfermarkt.com/helder-castro/profil/spieler/62634,Anadia,Retired
70598,Ludovic Alexandre Ribeiro Pereira,no_match,,,,,,,
70600,André Filipe Pereira Fontes,low_confidence,121209.0,André Fontes,80.0,"name,age±1",https://www.transfermarkt.com/andre-fontes/profil/spieler/121209,Oliveira Hospital,Retired
70608,Diogo Jorge Rosado,matched,61760.0,Diogo Rosado,121.7,"name,age±1,club:Lusitania FC Lourosa",https://www.transfermarkt.com/diogo-rosado/profil/spieler/61760,Lusitania FC Lourosa,Vilaverdense FC
70611,Tiago Manuel da Silva Maia,low_confidence,139335.0,Tiago Maia,70.0,"name,age±1",https://www.transfermarkt.com/tiago-maia/profil/spieler/139335,Moncarapachense,SC Olhanense
70616,Sandro Silva,low_confidence,74536.0,Sandro Silva,100.0,name,https://www.transfermarkt.com/sandro-silva/profil/spieler/74536,Cova da Piedade,Retired
70623,Minhoca,low_confidence,194177.0,Minhoca,100.0,name,https://www.transfermarkt.com/minhoca/profil/spieler/194177,Torreense,CD Santa Clara B
70625,Alex,low_confidence,79960.0,Alex Sandro,50.0,name,https://www.transfermarkt.com/alex-sandro/profil/spieler/79960,Torreense,CR Flamengo
70626,Paulo  Rafael Grilo Neves,no_match,,,,,,,
70638,José Carlos da Silva Fernandes Chastre,no_match,,,,,,,
70651,Paulo Daniel Fernandes Tavares,low_confidence,67804.0,Paulo Tavares,80.0,"name,age±1",https://www.transfermarkt.com/paulo-tavares/profil/spieler/67804,Lusitania FC Lourosa,Retired
70658,Fausto Jorge Dias Lourenço,low_confidence,86750.0,Fausto Lourenço,80.0,"name,age±1",https://www.transfermarkt.com/fausto-lourenco/profil/spieler/86750,Académica,Retired
70666,Igor Diogo Moreira Araújo,low_confidence,78559.0,Igor Araújo,105.0,"name,age±1,club:Sporting Covilhã",https://www.transfermarkt.com/igor-araujo/profil/spieler/78559,Sporting Covilhã,SC Covilhã
70721,Wilson Bruno Naval Costa Eduardo,matched,60799.0,Wilson Eduardo,145.0,"name,age±1,club:CF Os Belenenses",https://www.transfermarkt.com/wilson-eduardo/profil/spieler/60799,CF Os Belenenses,CF Os Belenenses
70739,Diego Galo,low_confidence,131753.0,Diego Galo,100.0,name,https://www.transfermarkt.com/diego-galo/profil/spieler/131753,União de Leiria,Without Club
70745,Diogo Santos,low_confidence,85861.0,Diogo Santos,100.0,name,https://www.transfermarkt.com/diogo-santos/profil/spieler/85861,Felgueiras 1932,Retired
70762,Marco André Rocha Pereira,low_confidence,74689.0,Marco Pereira,80.0,"name,age±1",https://www.transfermarkt.com/marco-pereira/profil/spieler/74689,Sanjoanense,Florgrade FC
70784,Feliz Edgar Neto Vaz,low_confidence,168672.0,Feliz,80.0,"name,age±1,club:Trofense",https://www.transfermarkt.com/feliz/profil/spieler/168672,Trofense,CD Trofense
70794,Luis Pedro Gomes Martins,low_confidence,74449.0,Luís Pedro,80.0,"name,age±1",https://www.transfermarkt.com/luis-pedro/profil/spieler/74449,Anadia,Retired
70863,Bruno André Freitas Monteiro,low_confidence,85588.0,Bruno Monteiro,80.0,"name,age±1",https://www.transfermarkt.com/bruno-monteiro/profil/spieler/85588,Fafe,Retired
70870,Pedro Miguel Oliveira Correia,low_confidence,134125.0,Pedro Correia,80.0,"name,age±1",https://www.transfermarkt.com/pedro-correia/profil/spieler/134125,Paredes,Pevidém SC
70871,Vítor Hugo Ribeiro Costa,low_confidence,130668.0,Vítor Hugo,80.0,"name,age±1",https://www.transfermarkt.com/vitor-hugo/profil/spieler/130668,Pevidém,Retired
70878,Jorge Fernando Brito Bernardo,matched,213304.0,Jorge Bernardo,130.0,"name,age±1,club:1º Dezembro",https://www.transfermarkt.com/jorge-bernardo/profil/spieler/213304,1º Dezembro,SU 1º Dezembro
70879,Vítor Bastos,low_confidence,95255.0,Vítor Bastos,100.0,name,https://www.transfermarkt.com/vitor-bastos/profil/spieler/95255,Canelas 2010,Without Club
70899,Hélio Vaz,low_confidence,190135.0,Hélio Vaz,100.0,name,https://www.transfermarkt.com/helio-vaz/profil/spieler/190135,Cova da Piedade,Estrela Vendas Novas
70917,José Pedro Costa Amorim Cerqueira,no_match,,,,,,,
70919,Perdigão,low_confidence,54021.0,Perdigão,100.0,name,https://www.transfermarkt.com/perdigao/profil/spieler/54021,Anadia,Retired
70922,António Manuel  Pereira Xavier,no_match,,,,,,,
70946,Elvis Manuel Monteiro Macedo,low_confidence,80462.0,Babanco,30.0,"name,age±1",https://www.transfermarkt.com/babanco/profil/spieler/80462,União de Leiria,Retired
70963,Carlos Filipe Fonseca Chaby,low_confidence,197604.0,Filipe Chaby,80.0,"name,age±1",https://www.transfermarkt.com/filipe-chaby/profil/spieler/197604,CF Os Belenenses,Without Club
70998,Mateus Galiano da Costa,low_confidence,37947.0,Mateus,55.0,"name,age±1",https://www.transfermarkt.com/mateus/profil/spieler/37947,União de Leiria,Retired
71003,Mario Júnior Rondón Fernández,low_confidence,119272.0,Mario Rondón,80.0,"name,age±1",https://www.transfermarkt.com/mario-rondon/profil/spieler/119272,Académica,Retired
71004,Daniel João Santos Candeias,low_confidence,56046.0,Daniel Candeias,105.0,"name,age±1,club:Académica",https://www.transfermarkt.com/daniel-candeias/profil/spieler/56046,Académica,Académica Coimbra
71045,Tiago Henrique Damil Gomes,low_confidence,968027.0,Tiago Henrique Damil Gomes,100.0,name,https://www.transfermarkt.com/tiago-henrique-damil-gomes/profil/spieler/968027,Alverca,Unknown
71052,Diogo Amado,matched,72835.0,Diogo Amado,125.0,"name,club:União de Leiria",https://www.transfermarkt.com/diogo-amado/profil/spieler/72835,União de Leiria,UD Leiria
71068,Luís Carlos Gaspar dos Santos Ribeiro,low_confidence,118319.0,Luís Ribeiro,88.3,"name,age±1,club:Mafra",https://www.transfermarkt.com/luis-ribeiro/profil/spieler/118319,Mafra,CD Mafra
71073,João Duarte Teixeira Góis,low_confidence,292736.0,João Góis,80.0,"name,age±1",https://www.transfermarkt.com/joao-gois/profil/spieler/292736,Felgueiras 1932,Retired
71102,Daniel Santa Cruz Ferreira Almeida,low_confidence,172938.0,Daniel Almeida,70.0,"name,age±1",https://www.transfermarkt.com/daniel-almeida/profil/spieler/172938,Atlético CP,Retired
71118,Marco João Costa Baixinho,low_confidence,131015.0,Marco Baixinho,105.0,"name,age±1,club:Académica",https://www.transfermarkt.com/marco-baixinho/profil/spieler/131015,Académica,Académica Coimbra
71125,L. Alves,no_match,,,,,,,
71167,Rui Pedro Correia Nunes,low_confidence,58932.0,Ruca,30.0,"name,age±1",https://www.transfermarkt.com/ruca/profil/spieler/58932,Oliveira Hospital,Retired
71172,Filipe Manuel Nunes Brigues,low_confidence,105299.0,Filipe Brigues,80.0,"name,age±1",https://www.transfermarkt.com/filipe-brigues/profil/spieler/105299,Alverca,Without Club
71179,André Tiago Carneiro Soares,low_confidence,131014.0,André Soares,105.0,"name,age±1,club:Paredes",https://www.transfermarkt.com/andre-soares/profil/spieler/131014,Paredes,USC Paredes
71187,Ricardo Filipe Barros Rodrigues,low_confidence,167951.0,Ricardo Barros,80.0,"name,age±1",https://www.transfermarkt.com/ricardo-barros/profil/spieler/167951,Anadia,Retired
71190,João André Ribeiro Vieira,low_confidence,225770.0,João Vieira,80.0,"name,age±1",https://www.transfermarkt.com/joao-vieira/profil/spieler/225770,Varzim,Caldas SC
71196,Paulo Armando da Silva Monteiro,low_confidence,35617.0,Paulo Monteiro,70.0,"name,age±1",https://www.transfermarkt.com/paulo-monteiro/profil/spieler/35617,Fafe,Retired
71212,Fábio da Rocha Vieira,no_match,,,,,,,
71221,Fábio de Almeida Santos,low_confidence,299043.0,Fábio Santos,80.0,"name,age±1",https://www.transfermarkt.com/fabio-santos/profil/spieler/299043,Cova da Piedade,SC Lourinhanense
71227,André Antunes Santos,low_confidence,131666.0,André Santos,96.7,"name,age±1",https://www.transfermarkt.com/andre-santos/profil/spieler/131666,Caldas,Retired
71241,Brito,low_confidence,229661.0,Brito,100.0,name,https://www.transfermarkt.com/brito/profil/spieler/229661,Oriental Dragon,Retired
71243,Hugo Filipe Pinto Servulo Firmino,matched,383618.0,Hugo Firmino,145.0,"name,age±1,club:São João Ver",https://www.transfermarkt.com/hugo-firmino/profil/spieler/383618,São João Ver,SC São João de Ver
71273,Álvaro Ricardo Faustino Gomes,low_confidence,176906.0,Alvarinho,30.0,"name,age±1",https://www.transfermarkt.com/alvarinho/profil/spieler/176906,Anadia,Retired
71281,Thomas Joaquim Almeida Militão,low_confidence,556650.0,Militão,55.0,"name,age±1",https://www.transfermarkt.com/militao/profil/spieler/556650,Caldas,Retired
71290,André Filipe Barros Simões,low_confidence,202504.0,André Simões,80.0,"name,age±1",https://www.transfermarkt.com/andre-simoes/profil/spieler/202504,Caldas,Retired
71314,André Alexandre  Aranha Almeida,no_match,,,,,,,
71334,Diogo Ferreira Almeida,low_confidence,393570.0,Diogo Almeida,96.7,"name,age±1",https://www.transfermarkt.com/diogo-almeida/profil/spieler/393570,Sanjoanense,AD Ovarense
71341,Joel António Soares Ferreira,low_confidence,255238.0,Joel Ferreira,105.0,"name,age±1,club:Trofense",https://www.transfermarkt.com/joel-ferreira/profil/spieler/255238,Trofense,CD Trofense
71344,João Carlos Nogueira Amorim,low_confidence,100128.0,João Amorim,105.0,"name,age±1,club:Fafe",https://www.transfermarkt.com/joao-amorim/profil/spieler/100128,Fafe,AD Fafe
71350,Goba Elysee Zakpa,no_match,,,,,,,
71353,Ângelo Filipe  Moreira Oliveira,no_match,,,,,,,
71354,Bassalia Ouattara,low_confidence,192374.0,Ouattara,80.0,"name,age±1",https://www.transfermarkt.com/ouattara/profil/spieler/192374,Montalegre,CF Monterrei
71357,Rui Gabriel Pinheiro Vieira,low_confidence,198570.0,Rui Vieira,80.0,"name,age±1",https://www.transfermarkt.com/rui-vieira/profil/spieler/198570,Trofense,Without Club
71367,José João Alves Lopes,low_confidence,210708.0,Zé Lopes,50.0,"name,age±1",https://www.transfermarkt.com/ze-lopes/profil/spieler/210708,Anadia,AD Lousada
71371,Nuno Daniel Costeira Valente,low_confidence,177184.0,Nuno Valente,80.0,"name,age±1",https://www.transfermarkt.com/nuno-valente/profil/spieler/177184,Trofense,Retired
71380,José Manuel Silva Oliveira,low_confidence,113025.0,Zé Manuel,75.0,"name,age±1,club:Varzim",https://www.transfermarkt.com/ze-manuel/profil/spieler/113025,Varzim,Varzim SC
71397,Madureira,low_confidence,266637.0,Madureira,100.0,name,https://www.transfermarkt.com/madureira/profil/spieler/266637,Paredes,Retired
71402,Nélson Agostinho Dias Costa,low_confidence,130734.0,Nélson Piquet,50.0,"name,age±1",https://www.transfermarkt.com/nelson-piquet/profil/spieler/130734,Paredes,Retired
71404,Vasco André Moreira Rocha,low_confidence,130845.0,Vasco Rocha,105.0,"name,age±1,club:Paredes",https://www.transfermarkt.com/vasco-rocha/profil/spieler/130845,Paredes,USC Paredes
71409,Carlos Paulo Fernandes Azevedo,low_confidence,130650.0,Cajó,30.0,"name,age±1",https://www.transfermarkt.com/cajo/profil/spieler/130650,Vilaverdense,FC Tirsense
71414,Tiago André Lopes Moreira,low_confidence,130521.0,Tiago Moreira,80.0,"name,age±1",https://www.transfermarkt.com/tiago-moreira/profil/spieler/130521,Sporting Covilhã,CD de Ponte
71420,Filipe Campelos de Sousa,low_confidence,212231.0,Filipe Sousa,80.0,"name,age±1",https://www.transfermarkt.com/filipe-sousa/profil/spieler/212231,Pevidém,Retired
71444,Mickael Pereira Moura,low_confidence,292363.0,Mike,30.0,"name,age±1",https://www.transfermarkt.com/mike/profil/spieler/292363,Felgueiras 1932,Retired
71451,Nuno Daniel Nogueira Pereira,low_confidence,316814.0,Ferrinho,30.0,"name,age±1",https://www.transfermarkt.com/ferrinho/profil/spieler/316814,Fafe,SC Arões
71452,João Pedro Salgado Nogueira,low_confidence,316823.0,João Nogueira,80.0,"name,age±1",https://www.transfermarkt.com/joao-nogueira/profil/spieler/316823,Fafe,Without Club
71459,Elísio,low_confidence,1506205.0,Elísio,100.0,name,https://www.transfermarkt.com/elisio/profil/spieler/1506205,Anadia,Retired
71462,Miguel Martelo Lourenço,low_confidence,165402.0,Miguel Lourenço,96.7,"name,age±1",https://www.transfermarkt.com/miguel-lourenco/profil/spieler/165402,Lusitano Évora 1911,Retired
71518,Pedro Gil Barros Silva,low_confidence,168414.0,Gil Barros,80.0,"name,age±1",https://www.transfermarkt.com/gil-barros/profil/spieler/168414,Paredes,Retired
71521,Hugo Ricardo Lavinas Castro Mendonça Ventosa,no_match,,,,,,,
71522,Juary Martinho Soares,low_confidence,177851.0,Juary Soares,96.7,"name,age±1",https://www.transfermarkt.com/juary-soares/profil/spieler/177851,Académica,Zürich City SC
71524,Adílson Semedo Vaz,low_confidence,168423.0,Adilson,63.3,"name,age±1",https://www.transfermarkt.com/adilson/profil/spieler/168423,Montalegre,Unknown
71531,João Miguel Traquina André,low_confidence,116390.0,Traquina,55.0,"name,age±1",https://www.transfermarkt.com/traquina/profil/spieler/116390,Sporting Covilhã,Retired
71533,Diogo de Sousa Ribeiro,low_confidence,92049.0,Diogo Ribeiro,80.0,"name,age±1",https://www.transfermarkt.com/diogo-ribeiro/profil/spieler/92049,Oliveira Hospital,Clube União 1919
71538,Tiago Cerveira,matched,257001.0,Tiago Cerveira,175.0,"name,club:Lusitania FC Lourosa",https://www.transfermarkt.com/tiago-cerveira/profil/spieler/257001,Lusitania FC Lourosa,Lusitânia FC Lourosa
71656,Diogo Manuel Gonçalves Coelho,low_confidence,243935.0,Diogo Coelho,80.0,"name,age±1",https://www.transfermarkt.com/diogo-coelho/profil/spieler/243935,1º Dezembro,Retired
71667,Arsénio,matched,175600.0,Arsénio,175.0,"name,club:Lusitania FC Lourosa",https://www.transfermarkt.com/arsenio/profil/spieler/175600,Lusitania FC Lourosa,Lusitânia FC Lourosa
71682,João Carlos Araújo Fonseca Silva,low_confidence,205116.0,Talocha,55.0,"name,age±1,club:Varzim",https://www.transfermarkt.com/talocha/profil/spieler/205116,Varzim,Varzim SC
71685,Jorge Miguel Machado Almeida,low_confidence,205120.0,Jorge Miguel,80.0,"name,age±1",https://www.transfermarkt.com/jorge-miguel/profil/spieler/205120,Fafe,SC Salgueiros
71694,André Filipe Claro de Jesus,low_confidence,86804.0,André Claro,70.0,"name,age±1",https://www.transfermarkt.com/andre-claro/profil/spieler/86804,São João Ver,AD Ovarense
71699,Tiago Carlos Pereira Silva,low_confidence,168675.0,Tiago Silva,80.0,"name,age±1",https://www.transfermarkt.com/tiago-silva/profil/spieler/168675,Canelas 2010,Retired
71702,José Pedro Goncalves Costa,no_match,,,,,,,
71705,Leonardo João Correia da Silva Leichsenring,no_match,,,,,,,
71751,Edson Alexandre  Marques Baessa,no_match,,,,,,,
71769,Vitor Manuel Ferreira Pereira,low_confidence,65048.0,Vítor Pereira,80.0,"name,age±1",https://www.transfermarkt.com/vitor-pereira/profil/spieler/65048,Montalegre,Without Club
71775,Pierre Emmanuel Sagna,low_confidence,127031.0,Pierre Sagna,96.7,"name,age±1",https://www.transfermarkt.com/pierre-sagna/profil/spieler/127031,União Santarém,Leça FC
71778,E. Machado,no_match,,,,,,,
71780,João Miguel Afonso Fernandes,low_confidence,24775.0,João Fernandes,80.0,"name,age±1",https://www.transfermarkt.com/joao-fernandes/profil/spieler/24775,Montalegre,Retired
71784,Jailton Alves Miranda,low_confidence,167216.0,Kuca,30.0,"name,age±1",https://www.transfermarkt.com/kuca/profil/spieler/167216,União de Leiria,Without Club
71803,Tiago Ronaldo,matched,69360.0,Tiago Ronaldo,125.0,"name,club:Pevidém",https://www.transfermarkt.com/tiago-ronaldo/profil/spieler/69360,Pevidém,Pevidém SC
71810,Avtandil  Ebralidze,no_match,,,,,,,
71813,Rúben Miguel  Rodrigues Freire,no_match,,,,,,,
71841,Manuel Gama Alegre Silva,low_confidence,168905.0,Manuel Gama,80.0,"name,age±1",https://www.transfermarkt.com/manuel-gama/profil/spieler/168905,Anadia,Retired
71865,João Nuno Lobo Godinho,low_confidence,276561.0,João Godinho,80.0,"name,age±1",https://www.transfermarkt.com/joao-godinho/profil/spieler/276561,Real SC,Retired
71904,Ericson Jorge Silva Rodrigues Duarte,low_confidence,140160.0,Ericson,50.0,"name,age±1",https://www.transfermarkt.com/ericson/profil/spieler/140160,Vilaverdense,Vieira SC
71909,Fábio Fortes Moreira,matched,190920.0,Fábio Fortes,121.7,"name,age±1,club:Lusitania FC Lourosa",https://www.transfermarkt.com/fabio-fortes/profil/spieler/190920,Lusitania FC Lourosa,Leça FC
71914,Cléber Machado Santana,low_confidence,352812.0,Cléber Santana,96.7,"name,age±1",https://www.transfermarkt.com/cleber-santana/profil/spieler/352812,Amora,Without Club
71915,Adeilton Araújo Cruz,low_confidence,130911.0,Itto Cruz,55.0,"name,age±1",https://www.transfermarkt.com/itto-cruz/profil/spieler/130911,Fontinhas,JD Lajense
71919,Weliton  Souza Matos,no_match,,,,,,,
71925,Diogo André  Caetano Santos,no_match,,,,,,,
71935,Ragner José Paula,low_confidence,543105.0,Ragner Paula,96.7,"name,age±1",https://www.transfermarkt.com/ragner-paula/profil/spieler/543105,Fontinhas,JD Lajense
71950,Bruno Alves,low_confidence,13121.0,Bruno Alves,100.0,name,https://www.transfermarkt.com/bruno-alves/profil/spieler/13121,Fafe,Retired
72002,Rui Pedro Coimbra Chaves,low_confidence,192089.0,Ruca,30.0,"name,age±1",https://www.transfermarkt.com/ruca/profil/spieler/192089,São João Ver,Anadia FC
72003,Fábio Jose Ferreira Pacheco,matched,111200.0,Fábio Pacheco,155.0,"name,age±1,club:AD Marco 09",https://www.transfermarkt.com/fabio-pacheco/profil/spieler/111200,AD Marco 09,AD Marco 09
72050,Emanuel Rodrigues Novo,low_confidence,352934.0,Emanuel Novo,96.7,"name,age±1",https://www.transfermarkt.com/emanuel-novo/profil/spieler/352934,São João Ver,Yongin FC
72086,José Tiago Almeida Martins,no_match,,,,,,,
72088,João Filipe Couto Patrão,low_confidence,183247.0,João Patrão,80.0,"name,age±1",https://www.transfermarkt.com/joao-patrao/profil/spieler/183247,Lusitania FC Lourosa,Retired
72102,Joaquim Fernando Marques Santos,low_confidence,171536.0,Nando,30.0,"name,age±1",https://www.transfermarkt.com/nando/profil/spieler/171536,Canelas 2010,Retired
72103,Diogo Filipe Oliveira da Costa,low_confidence,352754.0,Diogo Costa,70.0,"name,age±1",https://www.transfermarkt.com/diogo-costa/profil/spieler/352754,Académica,Without Club
72127,Vitor Emanuel Gonçalves São Bento,low_confidence,276474.0,Vítor São Bento,90.0,"name,age±1",https://www.transfermarkt.com/vitor-sao-bento/profil/spieler/276474,Felgueiras 1932,Leça FC
72137,João Carlos Silva Faria,low_confidence,168679.0,João Faria,80.0,"name,age±1",https://www.transfermarkt.com/joao-faria/profil/spieler/168679,Vilaverdense,SC Vianense
72147,José Diogo Castro Ferradeira dos Santos,low_confidence,184593.0,Zé Diogo,44.3,"name,age±1",https://www.transfermarkt.com/ze-diogo/profil/spieler/184593,Felgueiras 1932,Without Club
72150,Duarte Jorge Gomes Duarte,matched,129224.0,Duarte Duarte,138.3,"name,age±1,club:AD Marco 09",https://www.transfermarkt.com/duarte-duarte/profil/spieler/129224,AD Marco 09,AD Marco 09
72151,Jaime Filipe Machado Poulson,low_confidence,239053.0,Jaime Poulson,80.0,"name,age±1",https://www.transfermarkt.com/jaime-poulson/profil/spieler/239053,São João Ver,Retired
72157,Vitor Hugo Alves Miranda,low_confidence,408882.0,Vítor Miranda,80.0,"name,age±1",https://www.transfermarkt.com/vitor-miranda/profil/spieler/408882,Fontinhas,SC Praiense
72180,Carlos Eduardo  Ferreira Baptista,no_match,,,,,,,
72264,João Filipe  Pereira Freitas,no_match,,,,,,,
72268,Mauro Rafael da Costa Antunes,low_confidence,234978.0,Mauro Antunes,95.0,"name,age±1,club:Amora",https://www.transfermarkt.com/mauro-antunes/profil/spieler/234978,Amora,Amora FC
72332,Pedro Joel Pereira da Silva,low_confidence,211083.0,Joel Silva,70.0,"name,age±1",https://www.transfermarkt.com/joel-silva/profil/spieler/211083,Fafe,SC Vianense
72365,Ivo Filipe Claudino da Palma Gonçalves,low_confidence,45243.0,Ivo Gonçalves,63.3,"name,age±1",https://www.transfermarkt.com/ivo-goncalves/profil/spieler/45243,Vilaverdense,ADC Várzea do Douro
72366,Sérgio Gabriel da Silva Andrade,low_confidence,40555.0,Serginho,30.0,"name,age±1",https://www.transfermarkt.com/serginho/profil/spieler/40555,Lusitania FC Lourosa,Retired
72368,Carlos Daniel Anastácio Henriques,low_confidence,194507.0,Carlos Henriques,80.0,"name,age±1",https://www.transfermarkt.com/carlos-henriques/profil/spieler/194507,Torreense,Retired
72387,Vítor Bruno Rodrigues Gonçalves,low_confidence,194547.0,Vítor Gonçalves,105.0,"name,age±1,club:Mafra",https://www.transfermarkt.com/vitor-goncalves/profil/spieler/194547,Mafra,CD Mafra
72388,Robson Vaz Shimabuku,low_confidence,128029.0,Robson,63.3,"name,age±1",https://www.transfermarkt.com/robson/profil/spieler/128029,Vitória Setúbal,Retired
74954,Evandro Brandão,low_confidence,45306.0,Evandro Brandão,100.0,name,https://www.transfermarkt.com/evandro-brandao/profil/spieler/45306,Alverca,Retired
78540,Antero Diogo Da Silva Ferreira,low_confidence,236119.0,Diogo Vila,46.7,"name,age±1",https://www.transfermarkt.com/diogo-vila/profil/spieler/236119,Amarante,FC Alpendorada
78600,David Caiado Dias,low_confidence,37414.0,David Caiado,96.7,"name,age±1",https://www.transfermarkt.com/david-caiado/profil/spieler/37414,Académica,Retired
80977,João Duarte Vieira Pereira,low_confidence,72836.0,João Pereira,80.0,"name,age±1",https://www.transfermarkt.com/joao-pereira/profil/spieler/72836,Torreense,Retired
83897,Rui Pedro Couto Ramalho,low_confidence,58268.0,Rui Pedro,80.0,"name,age±1",https://www.transfermarkt.com/rui-pedro/profil/spieler/58268,Sanjoanense,Retired
90335,J. Munizaga,no_match,,,,,,,
93799,José Egas dos Santos Branco,low_confidence,58175.0,Zequinha,30.0,"name,age±1",https://www.transfermarkt.com/zequinha/profil/spieler/58175,Vitória Setúbal,UF Comércio e Indústria
100116,Donald Dering Djoussé,low_confidence,87143.0,Donald Djoussé,96.7,"name,age±1",https://www.transfermarkt.com/donald-djousse/profil/spieler/87143,São João Ver,AC Vila Meã
108624,F. Mendy,no_match,,,,,,,
116186,Juan Manuel San Martín Da Costa,low_confidence,189450.0,Juan San Martín,80.0,"name,age±1",https://www.transfermarkt.com/juan-san-martin/profil/spieler/189450,Moncarapachense,Without Club
135907,Leandro Miguel Pereira Da Silva,low_confidence,182720.0,Leandro Silva,95.0,"name,age±1,club:Académica",https://www.transfermarkt.com/leandro-silva/profil/spieler/182720,Académica,Académica Coimbra
135908,Tiago Miguel Pereira Duque,low_confidence,182721.0,Tiago Duque,105.0,"name,age±1,club:Amora",https://www.transfermarkt.com/tiago-duque/profil/spieler/182721,Amora,Amora FC
135910,Ricardo Ferreira Tavares,low_confidence,198023.0,Ricardo Tavares,96.7,"name,age±1",https://www.transfermarkt.com/ricardo-tavares/profil/spieler/198023,Sanjoanense,Without Club
135921,Frédéric Maciel,low_confidence,234499.0,Frédéric Maciel,100.0,name,https://www.transfermarkt.com/frederic-maciel/profil/spieler/234499,Torreense,CSKA 1948
135928,André Preto,matched,149647.0,André Preto,125.0,"name,club:Pevidém",https://www.transfermarkt.com/andre-preto/profil/spieler/149647,Pevidém,Pevidém SC
141185,Christian Fabrice Okoua,low_confidence,81915.0,Fabrice Okoua,96.7,"name,age±1",https://www.transfermarkt.com/fabrice-okoua/profil/spieler/81915,Sanjoanense,CD Gouveia
142766,Yaya Bamba,matched,189466.0,Yaya Bamba,130.0,"name,age±1",https://www.transfermarkt.com/yaya-bamba/profil/spieler/189466,Lusitania FC Lourosa,CD Cinfães
144389,Leonardo dos Santos Araujo,low_confidence,468616.0,Leo Araújo,50.0,"name,age±1",https://www.transfermarkt.com/leo-araujo/profil/spieler/468616,Canelas 2010,SC Espinho
166662,Filipe Santos Oliveira,matched,225158.0,Filipe Oliveira,121.7,"name,age±1,club:Caldas",https://www.transfermarkt.com/filipe-oliveira/profil/spieler/225158,Caldas,Caldas SC
172081,Jozinei João Machado Rodriguez,no_match,,,,,,,
202633,Luis Esteves,matched,131052.0,Luis Esteves,130.0,"name,age±1",https://www.transfermarkt.com/luis-esteves/profil/spieler/131052,Vitória Guimarães II,UOM Rams (University of Mobile)
203088,Nii Adamah Plange,low_confidence,179350.0,Nii Plange,96.7,"name,age±1",https://www.transfermarkt.com/nii-plange/profil/spieler/179350,Oriental Dragon,Without Club
211851,Miguel Fernando Pereira Rodrigues,low_confidence,225742.0,Miguel Rodrigues,80.0,"name,age±1",https://www.transfermarkt.com/miguel-rodrigues/profil/spieler/225742,Académica,UD Santarém
211857,Leandro Miguel Pereira Borges,low_confidence,227685.0,Leandro Borges,80.0,"name,age±1",https://www.transfermarkt.com/leandro-borges/profil/spieler/227685,Anadia,CF União Lamas
211873,Nélson David Matias Pinhão,low_confidence,402795.0,Nélson Pinhão,80.0,"name,age±1",https://www.transfermarkt.com/nelson-pinhao/profil/spieler/402795,Atlético CP,GD Samora Correia
211875,Manuel Maria  Pinto de Andrade Cordeiro dos Santos,no_match,,,,,,,
222664,Marcos André Costa Valente,low_confidence,260321.0,Marcos Valente,80.0,"name,age±1",https://www.transfermarkt.com/marcos-valente/profil/spieler/260321,AD Marco 09,CD Cinfães
222671,Ricardo Moura,matched,206364.0,Ricardo Moura,175.0,"name,club:Lusitania FC Lourosa",https://www.transfermarkt.com/ricardo-moura/profil/spieler/206364,Lusitania FC Lourosa,Lusitânia FC Lourosa
222674,Agostinho Carvalho,low_confidence,238059.0,Agostinho Carvalho,100.0,name,https://www.transfermarkt.com/agostinho-carvalho/profil/spieler/238059,Canelas 2010,AD Ovarense
222679,Diogo Moniz,low_confidence,235846.0,Diogo Moniz,100.0,name,https://www.transfermarkt.com/diogo-moniz/profil/spieler/235846,Fontinhas,FC Vale Formoso
222691,Micael Cabrita Silva,low_confidence,238480.0,Mica,55.0,"name,age±1,club:Sporting Covilhã",https://www.transfermarkt.com/mica/profil/spieler/238480,Sporting Covilhã,SC Covilhã
222697,Gilberto Silva,low_confidence,3194.0,Gilberto Silva,100.0,name,https://www.transfermarkt.com/gilberto-silva/profil/spieler/3194,Sporting Covilhã,Retired
222717,Daniel Jesus Moreira Carvalho,low_confidence,235762.0,Danny,105.0,"name,age±1,club:AD Marco 09",https://www.transfermarkt.com/danny/profil/spieler/235762,AD Marco 09,AD Marco 09
222721,Diogo Ramos,low_confidence,58260.0,Diogo Ramos,100.0,name,https://www.transfermarkt.com/diogo-ramos/profil/spieler/58260,Anadia,Retired
222724,Diogo Gonçalo Baptista Pires,low_confidence,234986.0,Diogo Pires,80.0,"name,age±1",https://www.transfermarkt.com/diogo-pires/profil/spieler/234986,Pêro Pinheiro,CD Olivais e Moscavide
222729,Rúben Filipe Quintano Silvestre,low_confidence,293145.0,Rúben Silvestre,80.0,"name,age±1",https://www.transfermarkt.com/ruben-silvestre/profil/spieler/293145,São João Ver,SC Espinho
222732,Esmaël Ruti  Tavares Cruz da Silva Gonçalves,no_match,,,,,,,
222748,Sérgio Daniel  Duarte,no_match,,,,,,,
222749,Luís Edgar Fernandes Abreu,low_confidence,234752.0,Edgar Abreu,80.0,"name,age±1",https://www.transfermarkt.com/edgar-abreu/profil/spieler/234752,Lusitania FC Lourosa,AD Camacha
222760,Rúben Diogo Francisco Freitas,low_confidence,371503.0,Rúben Freitas,80.0,"name,age±1",https://www.transfermarkt.com/ruben-freitas/profil/spieler/371503,Académica,Retired
222765,Alan Júnior,low_confidence,259000.0,Alan Júnior,100.0,name,https://www.transfermarkt.com/alan-junior/profil/spieler/259000,Oliveira Hospital,ABECAT Ouvidorense
222769,Daniel Santos Martins,low_confidence,149655.0,Daniel Martins,96.7,"name,age±1",https://www.transfermarkt.com/daniel-martins/profil/spieler/149655,Vitória Setúbal,Retired
222774,Manuel Miguel Afonso  Pedroso Liz Rodrigues,no_match,,,,,,,
227056,Guilherme Mata Oliveira,no_match,,,,,,,
227064,Ismael José Gonçalves Pinto,low_confidence,240899.0,Ismael,55.0,"name,age±1",https://www.transfermarkt.com/ismael/profil/spieler/240899,Paredes,FC Alpendorada
227092,Erson Stiven Dias Costa,low_confidence,237663.0,Kukula,30.0,"name,age±1",https://www.transfermarkt.com/kukula/profil/spieler/237663,Trofense,Without Club
227105,Rui Areias,low_confidence,235634.0,Rui Areias,100.0,name,https://www.transfermarkt.com/rui-areias/profil/spieler/235634,Varzim,Floriana FC
230925,F. Balogun,no_match,,,,,,,
232240,Hugo  Cerqueira Pinto Basto,no_match,,,,,,,
232241,Vasco André Carvalho Braga,low_confidence,402748.0,Vasco Braga,105.0,"name,age±1,club:Fafe",https://www.transfermarkt.com/vasco-braga/profil/spieler/402748,Fafe,AD Fafe
232249,Filipe Miguel Medeiros Andrade,low_confidence,474295.0,Filipe Andrade,80.0,"name,age±1",https://www.transfermarkt.com/filipe-andrade/profil/spieler/474295,Lusitania FC Lourosa,JD Lajense
232250,Mário Albino Meira Mendonça,low_confidence,201713.0,Mário Mendonça,80.0,"name,age±1",https://www.transfermarkt.com/mario-mendonca/profil/spieler/201713,Vitória Setúbal,Retired
232309,Gonçalo Silva,low_confidence,194214.0,Gonçalo Silva,100.0,name,https://www.transfermarkt.com/goncalo-silva/profil/spieler/194214,Oriental Dragon,FC Noah Yerevan
232318,Bruno Tiago Conceição Bernardo,low_confidence,258387.0,Bruno Bernardo,80.0,"name,age±1",https://www.transfermarkt.com/bruno-bernardo/profil/spieler/258387,Varzim,Without Club
232337,Nuno Alexandre Hidalgo Costa Pereira,low_confidence,386506.0,Nuno Hidalgo,95.0,"name,age±1,club:União Santarém",https://www.transfermarkt.com/nuno-hidalgo/profil/spieler/386506,União Santarém,UD Santarém
232339,Dénis Paulo Duarte,matched,352815.0,Dénis Duarte,121.7,"name,age±1,club:Paredes",https://www.transfermarkt.com/denis-duarte/profil/spieler/352815,Paredes,USC Paredes
232341,André António Filipe Perre,low_confidence,299058.0,André Perre,80.0,"name,age±1",https://www.transfermarkt.com/andre-perre/profil/spieler/299058,Caldas,Retired
232367,Hugo André Rodrigues Seco,low_confidence,295169.0,Hugo Seco,80.0,"name,age±1",https://www.transfermarkt.com/hugo-seco/profil/spieler/295169,Académica,CF Os Marialvas
232426,A. Badara,no_match,,,,,,,
232433,Miguel Ângelo Fernandes Reis Soares,low_confidence,404161.0,Miguel Soares,70.0,"name,age±1",https://www.transfermarkt.com/miguel-soares/profil/spieler/404161,Pêro Pinheiro,Without Club
232435,Fábio André Alves Pala,low_confidence,259014.0,Fábio Pala,105.0,"name,age±1,club:Amora",https://www.transfermarkt.com/fabio-pala/profil/spieler/259014,Amora,Amora FC
232451,Martim Spencer Águas,matched,468621.0,Martim Águas,171.7,"name,age±1,club:Lusitano Évora 1911",https://www.transfermarkt.com/martim-aguas/profil/spieler/468621,Lusitano Évora 1911,Associação Lusitano de Évora 1911
232453,Wilson Kenidy Correia Silva,low_confidence,259030.0,Kenidy,55.0,"name,age±1",https://www.transfermarkt.com/kenidy/profil/spieler/259030,Oliveira Hospital,Without Club
232535,João Ribeiro Oliveira,matched,276496.0,João Oliveira,121.7,"name,age±1,club:Fafe",https://www.transfermarkt.com/joao-oliveira/profil/spieler/276496,Fafe,AD Fafe
232561,Carlos Miguel Pereira Fernandes,low_confidence,552533.0,Cuca,105.0,"name,age±1,club:CF Os Belenenses",https://www.transfermarkt.com/cuca/profil/spieler/552533,CF Os Belenenses,CF Os Belenenses
232565,Érico Roberto Mendes Alves Castro,low_confidence,555810.0,Érico Castro,70.0,"name,age±1",https://www.transfermarkt.com/erico-castro/profil/spieler/555810,Fafe,Without Club
232614,Landinho,matched,292015.0,Landinho,150.0,"name,club:Felgueiras 1932",https://www.transfermarkt.com/landinho/profil/spieler/292015,Felgueiras 1932,FC Felgueiras 1932
232622,Arnold Nkufo Issoko,low_confidence,200985.0,Arnold,63.3,"name,age±1",https://www.transfermarkt.com/arnold/profil/spieler/200985,Moncarapachense,AD Sátão
232636,Rúben Flávio Santos das Neves,low_confidence,254547.0,Rúben Neves,70.0,"name,age±1",https://www.transfermarkt.com/ruben-neves/profil/spieler/254547,Sanjoanense,Retired
232679,Filipe Marinho  Falcão Moura Assunção,no_match,,,,,,,
232694,Fábio Alexandre Silva Rola,low_confidence,258153.0,Fábio Rola,80.0,"name,age±1",https://www.transfermarkt.com/fabio-rola/profil/spieler/258153,Canelas 2010,Sporting da Cruz
236999,André Pinto,low_confidence,58923.0,André Pinto,100.0,name,https://www.transfermarkt.com/andre-pinto/profil/spieler/58923,Anadia,Retired
237028,Sérgio Ribeiro,low_confidence,217389.0,Sérgio Ribeiro,100.0,name,https://www.transfermarkt.com/sergio-ribeiro/profil/spieler/217389,Lusitania FC Lourosa,Retired
237029,Rui Moreira,low_confidence,225095.0,Rui Moreira,100.0,name,https://www.transfermarkt.com/rui-moreira/profil/spieler/225095,Sanjoanense,Olympiakos Nicosia
237033,Diogo Lopes David,low_confidence,225140.0,Dida,105.0,"name,age±1,club:Lusitano Évora 1911",https://www.transfermarkt.com/dida/profil/spieler/225140,Lusitano Évora 1911,Associação Lusitano de Évora 1911
237035,José Manuel Marques Postiga,low_confidence,225143.0,José Postiga,80.0,"name,age±1",https://www.transfermarkt.com/jose-postiga/profil/spieler/225143,Anadia,Retired
237038,José Diogo Macedo da Silva,low_confidence,280398.0,Didi,30.0,"name,age±1",https://www.transfermarkt.com/didi/profil/spieler/280398,Fafe,CD Celoricense
248017,Rúben Alves,low_confidence,284731.0,Rúben Alves,100.0,name,https://www.transfermarkt.com/ruben-alves/profil/spieler/284731,Sanjoanense,FC Penafiel
248063,Samu,low_confidence,991268.0,Samu Aghehowa,50.0,name,https://www.transfermarkt.com/samu-aghehowa/profil/spieler/991268,Canelas 2010,FC Porto
248071,Gil Emanuel Viana Dias,low_confidence,258053.0,Gil Dias,80.0,"name,age±1",https://www.transfermarkt.com/gil-dias/profil/spieler/258053,Fafe,SC Espinho
248086,Paulo Alexandre Santos Marta Inácio,low_confidence,258779.0,Paulo Inácio,70.0,"name,age±1",https://www.transfermarkt.com/paulo-inacio/profil/spieler/258779,Caldas,Retired
248118,Marco António Pereira Grilo,low_confidence,590881.0,Marco Grilo,105.0,"name,age±1,club:União Santarém",https://www.transfermarkt.com/marco-grilo/profil/spieler/590881,União Santarém,UD Santarém
248185,Miguel Serrano Romão Lázaro,low_confidence,253232.0,Miguel Lázaro,80.0,"name,age±1",https://www.transfermarkt.com/miguel-lazaro/profil/spieler/253232,Oriental Dragon,Without Club
249771,Bruno Ricardo Rocha da Luz,low_confidence,467331.0,Bruno Luz,70.0,"name,age±1",https://www.transfermarkt.com/bruno-luz/profil/spieler/467331,Amora,Without Club
250253,Rafael Henrique Assis Cardoso,low_confidence,334632.0,Rafael Assis,105.0,"name,age±1,club:Trofense",https://www.transfermarkt.com/rafael-assis/profil/spieler/334632,Trofense,CD Trofense
250278,Anderson Ribeiro Souza de Carvalho,low_confidence,544790.0,Anderson Zangão,46.7,"name,age±1",https://www.transfermarkt.com/anderson-zangao/profil/spieler/544790,Montalegre,Without Club
251109,Jefferson Nem,matched,402734.0,Jefferson Nem,125.0,"name,club:Lusitania FC Lourosa",https://www.transfermarkt.com/jefferson-nem/profil/spieler/402734,Lusitania FC Lourosa,Botafogo FC
251303,Xandão,low_confidence,100009.0,Xandão,100.0,name,https://www.transfermarkt.com/xandao/profil/spieler/100009,Varzim,Retired
252782,Matheus Souza,matched,258615.0,Matheus Souza,125.0,"name,club:Lusitania FC Lourosa",https://www.transfermarkt.com/matheus-souza/profil/spieler/258615,Lusitania FC Lourosa,FC UNA Strassen
254097,Emerson Oliveira de Almeida,low_confidence,681508.0,Emerson Carioca,50.0,"name,age±1",https://www.transfermarkt.com/emerson-carioca/profil/spieler/681508,Alverca,América Football Club (RJ)
255400,Wilson dos Santos Januário,low_confidence,547445.0,Wilson Santos,80.0,"name,age±1",https://www.transfermarkt.com/wilson-santos/profil/spieler/547445,Oriental Dragon,SG Sacavenense
255443,Fábio Alexandre Gomes Arcanjo,low_confidence,361721.0,Fábio Arcanjo,80.0,"name,age±1",https://www.transfermarkt.com/fabio-arcanjo/profil/spieler/361721,Cova da Piedade,Clube Oriental Lissabon
256394,Deivison William Borges,low_confidence,548835.0,Deivison,63.3,"name,age±1",https://www.transfermarkt.com/deivison/profil/spieler/548835,União Santarém,ADRC Pedrógão
256939,M. Diallo,no_match,,,,,,,
257651,Mateus Lima,low_confidence,718931.0,Mateus Lima,100.0,name,https://www.transfermarkt.com/mateus-lima/profil/spieler/718931,Caldas,Kercem Ajax FC
258143,Ricardo Rafael da Costa Miranda,no_match,,,,,,,
258157,Rui Pedro Oliveira Silva,low_confidence,304827.0,Rui Silva,50.0,name,https://www.transfermarkt.com/rui-silva/profil/spieler/304827,União Santarém,Retired
258729,Vitinho,low_confidence,213605.0,Vitinho,100.0,name,https://www.transfermarkt.com/vitinho/profil/spieler/213605,Vitória Setúbal,Sport Club Corinthians Paulista
265640,Rúben Alexandre Gomes Oliveira,low_confidence,275287.0,Rúben Oliveira,105.0,"name,age±1,club:Varzim",https://www.transfermarkt.com/ruben-oliveira/profil/spieler/275287,Varzim,Varzim SC
265651,Vasco Daniel Ribeiro Cruz,low_confidence,352931.0,Vasco Cruz,80.0,"name,age±1",https://www.transfermarkt.com/vasco-cruz/profil/spieler/352931,Pevidém,Santiago Mascotelos FC
265662,João Ricardo Fernandes Nogueira,low_confidence,588464.0,João Nogueira,80.0,"name,age±1",https://www.transfermarkt.com/joao-nogueira/profil/spieler/588464,Anadia,Associação Naval 1893
265670,Bruno Gomes Mendonça,low_confidence,312648.0,Bruno Mendonça,96.7,"name,age±1",https://www.transfermarkt.com/bruno-mendonca/profil/spieler/312648,Fafe,Associação Murteirense
265671,Erivaldo Jorge Paulo Ferreira,low_confidence,290269.0,Eri,105.0,"name,age±1,club:AD Marco 09",https://www.transfermarkt.com/eritm/profil/spieler/290269,AD Marco 09,AD Marco 09
266525,Princebell Addico,low_confidence,274762.0,Prince Addico,63.3,"name,age±1",https://www.transfermarkt.com/prince-addico/profil/spieler/274762,Fontinhas,CD Rabo de Peixe
267254,Gilberto Adul Seidi,low_confidence,316828.0,Adul Seidi,96.7,"name,age±1",https://www.transfermarkt.com/adul-seidi/profil/spieler/316828,São João Ver,GD Samora Correia
267490,Luan Sérgio,low_confidence,629660.0,Luan Sérgio,100.0,name,https://www.transfermarkt.com/luan-sergio/profil/spieler/629660,Canelas 2010,Persela Lamongan
273763,Frederico  Elisiário Martins,no_match,,,,,,,
273766,Júlio Alberto Pereira Neiva,low_confidence,340914.0,Júlio Neiva,80.0,"name,age±1",https://www.transfermarkt.com/julio-neiva/profil/spieler/340914,Amora,CD Cinfães
273767,Marlon Rezende Emídio Costa,low_confidence,306463.0,Marlon Costa,80.0,"name,age±1",https://www.transfermarkt.com/marlon-costa/profil/spieler/306463,Moncarapachense,Radefelder SV
273776,Jimmy,low_confidence,200626.0,Jimmy Armfield,50.0,name,https://www.transfermarkt.com/jimmy-armfield/profil/spieler/200626,União Santarém,---
273782,Pedro Rafael Barbosa Santos,low_confidence,292722.0,Pedro Santos,80.0,"name,age±1",https://www.transfermarkt.com/pedro-santos/profil/spieler/292722,São João Ver,SC Espinho
273794,André Fernando Cabrita Salvador,low_confidence,290890.0,André Salvador,80.0,"name,age±1",https://www.transfermarkt.com/andre-salvador/profil/spieler/290890,Académica,Merelinense FC
273828,Manuel Pedro Fernandes Martins,matched,382830.0,Manuel Pedro,155.0,"name,age±1,club:AD Marco 09",https://www.transfermarkt.com/manuel-pedro/profil/spieler/382830,AD Marco 09,AD Marco 09
273923,Harramiz Quieta Ferreira Soares,low_confidence,280410.0,Harramiz,105.0,"name,age±1,club:1º Dezembro",https://www.transfermarkt.com/harramiz/profil/spieler/280410,1º Dezembro,SU 1º Dezembro
273939,Hélio Altino Fonseca Lopes Cruz,low_confidence,332594.0,Hélio Cruz,95.0,"name,age±1,club:Amora",https://www.transfermarkt.com/helio-cruz/profil/spieler/332594,Amora,Amora FC
273992,Lamine Bá,low_confidence,353374.0,Lamine Ba,100.0,name,https://www.transfermarkt.com/lamine-ba/profil/spieler/353374,Moncarapachense,Slask Wroclaw
274002,Carlos Manuel Ribeiro Freitas,low_confidence,446481.0,Carlos Freitas,80.0,"name,age±1",https://www.transfermarkt.com/carlos-freitas/profil/spieler/446481,Vilaverdense,O Elvas CAD
276264,Raphael Rossi Branco,matched,290271.0,Raphael Rossi,121.7,"name,age±1,club:Mafra",https://www.transfermarkt.com/raphael-rossi/profil/spieler/290271,Mafra,CD Mafra
277982,Vitor Braga,low_confidence,480229.0,Vitor Braga,100.0,name,https://www.transfermarkt.com/vitor-braga/profil/spieler/480229,Sanjoanense,FC Cascavel (PR)
278315,George Nana Kwame Ofosu,low_confidence,280351.0,George Ofosu,80.0,"name,age±1",https://www.transfermarkt.com/george-ofosu/profil/spieler/280351,Felgueiras 1932,Without Club
278902,Juvenal Estrelinha Oliveira,low_confidence,297846.0,Juvenal,63.3,"name,age±1",https://www.transfermarkt.com/juvenal/profil/spieler/297846,Caldas,GD Nazarenos
278903,André Manuel Pinheiro de Sousa,no_match,,,,,,,
278908,Pedro Miguel  Neves Santos,no_match,,,,,,,
278918,José Pedro Ferradeira dos Santos,low_confidence,340186.0,Vini,30.0,"name,age±1",https://www.transfermarkt.com/vini/profil/spieler/340186,São João Ver,SC Salgueiros
278924,Gabriel José Gomes Faria,low_confidence,385574.0,Gaby Faria,75.0,"name,age±1,club:Vianense",https://www.transfermarkt.com/gaby-faria/profil/spieler/385574,Vianense,SC Vianense
278926,Joel Filipe Sousa Monteiro,matched,248983.0,Joel Monteiro,155.0,"name,age±1,club:São João Ver",https://www.transfermarkt.com/joel-monteiro/profil/spieler/248983,São João Ver,SC São João de Ver
278936,Tiago Miguel Bastos Tavares Silva,low_confidence,552372.0,Tiago Oliveira,46.7,"name,age±1",https://www.transfermarkt.com/tiago-oliveira/profil/spieler/552372,Montalegre,Retired
278941,Ivandro Varela Soares,low_confidence,601640.0,Ivandro,88.3,"name,age±1,club:Trofense",https://www.transfermarkt.com/ivandro/profil/spieler/601640,Trofense,CD Trofense
279004,Luís Paulo Marques Lopes,low_confidence,556647.0,Luís Paulo,80.0,"name,age±1",https://www.transfermarkt.com/luis-paulo/profil/spieler/556647,Caldas,SC Escolar Bombarralense
279005,Luís Miguel Pereira Farinha,low_confidence,556663.0,Luís Farinha,105.0,"name,age±1,club:Caldas",https://www.transfermarkt.com/luis-farinha/profil/spieler/556663,Caldas,Caldas SC
279033,David João Varela Rosa,low_confidence,409050.0,David Rosa,80.0,"name,age±1",https://www.transfermarkt.com/david-rosa/profil/spieler/409050,Torreense,Retired
279035,Mohcine Hassan,low_confidence,396123.0,Mohcine Hassan,100.0,name,https://www.transfermarkt.com/mohcine-hassan/profil/spieler/396123,Anadia,PSBS Biak
279038,Breno Martins Freitas,low_confidence,312635.0,Breno,63.3,"name,age±1",https://www.transfermarkt.com/breno/profil/spieler/312635,Fontinhas,JD Lajense
279056,Jefferson,low_confidence,74550.0,Jefferson,100.0,name,https://www.transfermarkt.com/jefferson/profil/spieler/74550,Amora,Retired
279068,Ivo Miguel Quitério Lemos,low_confidence,345287.0,Ivo Lemos,105.0,"name,age±1,club:Paredes",https://www.transfermarkt.com/ivo-lemos/profil/spieler/345287,Paredes,USC Paredes
279075,Filipe Gaspar,matched,555807.0,Filipe Gaspar,130.0,"name,age±1",https://www.transfermarkt.com/filipe-gaspar/profil/spieler/555807,Oriental Dragon,Without Club
279077,David dos Santos Costa Andrade Augusto,no_match,,,,,,,
279160,Bruno José Rodrigues,low_confidence,1350208.0,Bruno José,66.7,name,https://www.transfermarkt.com/bruno-jose/profil/spieler/1350208,Montalegre,Retired
279178,Ricardo António Ribeiro Carvalho Ferreira,low_confidence,214296.0,Mica,30.0,"name,age±1",https://www.transfermarkt.com/mica/profil/spieler/214296,Amarante,Leça FC
279179,Fábio Gomes Pimenta,low_confidence,518725.0,Fábio Pimenta,96.7,"name,age±1",https://www.transfermarkt.com/fabio-pimenta/profil/spieler/518725,Trofense,Brito SC
279220,João Manuel Jesus Varudo Afonso,low_confidence,391358.0,João Varudo,70.0,"name,age±1",https://www.transfermarkt.com/joao-varudo/profil/spieler/391358,Atlético CP,SU Sintrense
279225,Filipe Couto Cardoso,matched,352764.0,Filipe Cardoso,121.7,"name,age±1,club:Fafe",https://www.transfermarkt.com/filipe-cardoso/profil/spieler/352764,Fafe,AD Fafe
279234,Diogo Silva Martins,low_confidence,167836.0,Diogo Careca,55.0,"name,age±1",https://www.transfermarkt.com/diogo-careca/profil/spieler/167836,Lusitânia,JD Lajense
279451,André Filipe Silva Rocha Vieira,low_confidence,433258.0,André Vieira,70.0,"name,age±1",https://www.transfermarkt.com/andre-vieira/profil/spieler/433258,União Santarém,SC Olhanense
279462,Hélder Pedro Carvalho Teixeira,low_confidence,593114.0,Hélder Pedro,80.0,"name,age±1",https://www.transfermarkt.com/helder-pedro/profil/spieler/593114,Amarante,CD Cinfães
279486,Luís Pedro Santos Pimentel,low_confidence,924417.0,Luís Pedro,80.0,"name,age±1",https://www.transfermarkt.com/luis-pedro/profil/spieler/924417,Anadia,Without Club
284635,Constantino Lopes Vaz,low_confidence,334981.0,Ballack,30.0,"name,age±1",https://www.transfermarkt.com/ballack/profil/spieler/334981,Real SC,Retired
284644,Bosingwa,low_confidence,9813.0,Bosingwa,100.0,name,https://www.transfermarkt.com/bosingwa/profil/spieler/9813,Canelas 2010,Retired
284650,Leonardo Ferreira Cá,matched,620213.0,Léo Cá,130.0,"name,age±1,club:São João Ver",https://www.transfermarkt.com/leo-ca/profil/spieler/620213,São João Ver,SC São João de Ver
284691,Carlos Jorge  Fernandes Batalha,no_match,,,,,,,
284704,Pedro José Moreira Silva,no_match,,,,,,,
284705,Fábio Miguel Silva Duarte,matched,258036.0,Fábio Duarte,130.0,"name,age±1,club:1º Dezembro",https://www.transfermarkt.com/fabio-duarte/profil/spieler/258036,1º Dezembro,SU 1º Dezembro
284708,Diogo Marques Izata Pereira,low_confidence,258024.0,Diogo Izata,105.0,"name,age±1,club:Anadia",https://www.transfermarkt.com/diogo-izata/profil/spieler/258024,Anadia,Anadia FC
284709,Dénis Pinho Martins,low_confidence,294325.0,Dénis Martins,96.7,"name,age±1",https://www.transfermarkt.com/denis-martins/profil/spieler/294325,Varzim,GD Vitória Sernache
284712,Pedro Carvalhosa Empis,low_confidence,294322.0,Pedro Empis,96.7,"name,age±1",https://www.transfermarkt.com/pedro-empis/profil/spieler/294322,União de Leiria,Without Club
284717,Idrisa Sambú,low_confidence,290761.0,Idrisa Sambú,100.0,name,https://www.transfermarkt.com/idrisa-sambu/profil/spieler/290761,1º Dezembro,Without Club
287617,Isaac Cissé,matched,325175.0,Isaac Cissé,130.0,"name,age±1",https://www.transfermarkt.com/isaac-cisse/profil/spieler/325175,São João Ver,SC Beira-Mar
287620,André Filipe Rebelo Mesquita,low_confidence,303599.0,André Mesquita,80.0,"name,age±1",https://www.transfermarkt.com/andre-mesquita/profil/spieler/303599,Vitória Setúbal,ADC Lobão
290924,Cristiano Castro Gomes,low_confidence,292402.0,Cristiano Gomes,96.7,"name,age±1",https://www.transfermarkt.com/cristiano-gomes/profil/spieler/292402,Lusitania FC Lourosa,AD Camacha
290932,Rui Manuel  Lagoela Nibra,no_match,,,,,,,
290934,Leandro Daniel  Duarte Vilas Boas,no_match,,,,,,,
291038,Cícero Alves,low_confidence,476355.0,Cícero,50.0,name,https://www.transfermarkt.com/cicero/profil/spieler/476355,Torreense,CD Tondela
292417,Nuno André Sousa Pereira,low_confidence,349582.0,Nuno Pereira,80.0,"name,age±1",https://www.transfermarkt.com/nuno-pereira/profil/spieler/349582,Académica,SC São João de Ver
292810,David Rui de Kong Cardoso,low_confidence,236727.0,David Kong,70.0,"name,age±1",https://www.transfermarkt.com/david-kong/profil/spieler/236727,Moncarapachense,CA Pêro Pinheiro
294871,Marcelo Santos,low_confidence,292160.0,Marcelo Santos,100.0,name,https://www.transfermarkt.com/marcelo-santos/profil/spieler/292160,Sanjoanense,SSA FC
296356,Danrlei Santos,no_match,,,,,,,
297106,Leandro Borges,low_confidence,847611.0,Leandro Borges,100.0,name,https://www.transfermarkt.com/leandro-borges/profil/spieler/847611,Caldas,FC Differdange 03
297362,Eurico,low_confidence,668874.0,Eurico,100.0,name,https://www.transfermarkt.com/eurico/profil/spieler/668874,Anadia,Retired
298202,Miguel Bruno Sousa Pereira,low_confidence,349581.0,Miguel Pereira,105.0,"name,age±1,club:Trofense",https://www.transfermarkt.com/miguel-pereira/profil/spieler/349581,Trofense,CD Trofense
298207,Abdoulaye Daffé,matched,313128.0,Abdoulaye Daffé,130.0,"name,age±1",https://www.transfermarkt.com/abdoulaye-daffe/profil/spieler/313128,Oliveira Hospital,GD Bragança
298229,José Amadeu Santos Mendes,low_confidence,352978.0,Amadeu,55.0,"name,age±1",https://www.transfermarkt.com/amadeu/profil/spieler/352978,Paredes,AC Vila Meã
298232,João Pedro Bandeira Maia,low_confidence,591939.0,João Bandeira,80.0,"name,age±1",https://www.transfermarkt.com/joao-bandeira/profil/spieler/591939,Oriental Dragon,O Elvas CAD
298242,Rafael  Salgado Alves,no_match,,,,,,,
298244,Bruno Pinto,low_confidence,545594.0,Bruno Pinto,100.0,name,https://www.transfermarkt.com/bruno-pinto/profil/spieler/545594,Felgueiras 1932,FC Ararat-Armenia
299080,Raphael Aflalo Lopes Martins,low_confidence,613505.0,Raphael Aflalo,80.0,"name,age±1",https://www.transfermarkt.com/raphael-aflalo/profil/spieler/613505,Felgueiras 1932,US Olympia 1963
299081,Murilo Rosa,low_confidence,617900.0,Murilo Rosa,100.0,name,https://www.transfermarkt.com/murilo-rosa/profil/spieler/617900,Fafe,Inhumas EC
299992,J. Balanta,no_match,,,,,,,
300796,Luiz Carlos Grando Junior,low_confidence,959943.0,Luiz Grando,80.0,"name,age±1",https://www.transfermarkt.com/luiz-grando/profil/spieler/959943,Moncarapachense,Without Club
302647,Ricardo Jorge da Silva Nogueira Rodrigues,no_match,,,,,,,
302675,João Pedro  Figueiredo Mascarenhas,no_match,,,,,,,
302716,Kelvin Yannick Fortes Monteiro,low_confidence,544785.0,Zimbabwe,30.0,"name,age±1",https://www.transfermarkt.com/zimbabwe/profil/spieler/544785,Anadia,O Elvas CAD
302719,Filipe Gabriel Gonçalves Ferreira,low_confidence,314707.0,Pipo,55.0,"name,age±1,club:Caldas",https://www.transfermarkt.com/pipo/profil/spieler/314707,Caldas,Caldas SC
302724,José Henrique de Sousa Faria,low_confidence,742217.0,Ricky,30.0,"name,age±1",https://www.transfermarkt.com/ricky/profil/spieler/742217,Fafe,Without Club
326477,Silvério,matched,321934.0,Silvério,175.0,"name,club:Lusitania FC Lourosa",https://www.transfermarkt.com/silverio/profil/spieler/321934,Lusitania FC Lourosa,Lusitânia FC Lourosa
326489,Diogo Cruz Xavier Gonçalves,low_confidence,402745.0,Diogo Gonçalves,80.0,"name,age±1",https://www.transfermarkt.com/diogo-goncalves/profil/spieler/402745,Vianense,Without Club
328541,Diogo Mineiro Clemente,matched,556651.0,Diogo Clemente,121.7,"name,age±1,club:Caldas",https://www.transfermarkt.com/diogo-clemente/profil/spieler/556651,Caldas,Caldas SC
330694,Rui Dabó,matched,430112.0,Rui Dabó,150.0,"name,club:UD Oliveirense",https://www.transfermarkt.com/rui-dabo/profil/spieler/430112,UD Oliveirense,UD Oliveirense
330721,Ivanildo Silva Nhaga,low_confidence,594881.0,Ivanildo,63.3,"name,age±1",https://www.transfermarkt.com/ivanildo/profil/spieler/594881,Varzim,Cheonan City
333624,Douglas Abner  Almeida dos Santos,no_match,,,,,,,
338203,Miguel Campos,low_confidence,335744.0,Miguel Campos,100.0,name,https://www.transfermarkt.com/miguel-campos/profil/spieler/335744,Anadia,FC Oleksandriya
338207,Henrique Jorge Pereira Brito,low_confidence,450460.0,Henrique Brito,80.0,"name,age±1",https://www.transfermarkt.com/henrique-brito/profil/spieler/450460,Felgueiras 1932,SC Vianense
338217,Diogo Firmino da Silva Fernandes,low_confidence,353845.0,Diogo Firmino,70.0,"name,age±1",https://www.transfermarkt.com/diogo-firmino/profil/spieler/353845,Canelas 2010,AFC Gandra
338220,Miguel Silva,low_confidence,336756.0,Miguel Silva,100.0,name,https://www.transfermarkt.com/miguel-silva/profil/spieler/336756,São João Ver,Beitar Jerusalem
338234,Miguel Ângelo,low_confidence,33255.0,Miguel Ângelo,100.0,name,https://www.transfermarkt.com/miguel-angelo/profil/spieler/33255,Montalegre,Retired
338236,Marcos Paulo Lima Barbeiro,low_confidence,329653.0,Marcos Barbeiro,80.0,"name,age±1",https://www.transfermarkt.com/marcos-barbeiro/profil/spieler/329653,Real SC,AC Malveira
338246,Luís Ká,low_confidence,21725.0,Filipe Luís,33.3,name,https://www.transfermarkt.com/filipe-luis/profil/spieler/21725,Sanjoanense,Retired
338252,Muelson Herry Samate,low_confidence,358172.0,Muelson Samate,96.7,"name,age±1",https://www.transfermarkt.com/muelson-samate/profil/spieler/358172,Montalegre,AD Limianos
338267,João Miguel Ribeiro Vigário,low_confidence,336735.0,João Vigário,105.0,"name,age±1,club:Fafe",https://www.transfermarkt.com/joao-vigario/profil/spieler/336735,Fafe,AD Fafe
343289,Tito Cabral Júnior,low_confidence,597206.0,Tito Júnior,96.7,"name,age±1",https://www.transfermarkt.com/tito-junior/profil/spieler/597206,Atlético CP,Gondomar SC
343290,Jardel Rodrigues Afonso Nazaré,low_confidence,364412.0,Jardel Nazaré,80.0,"name,age±1",https://www.transfermarkt.com/jardel-nazare/profil/spieler/364412,União Santarém,Retired
343291,Tiago Bettencourt de Oliveira Correia,low_confidence,559402.0,Tiago Correia,70.0,"name,age±1",https://www.transfermarkt.com/tiago-correia/profil/spieler/559402,Amora,Louletano DC
343303,P. Machado,no_match,,,,,,,
343305,Octávio Alexandre Leal Barros,low_confidence,203447.0,Tavinho,30.0,"name,age±1",https://www.transfermarkt.com/tavinho/profil/spieler/203447,Alverca,LGC Moncarapachense
343318,João Edgar  Azevedo Nunes Almeida,no_match,,,,,,,
343319,Alexandre Sousa Costa Pardal,low_confidence,595554.0,Pardal,55.0,"name,age±1",https://www.transfermarkt.com/pardal/profil/spieler/595554,Sanjoanense,Quarteirense Futebol SAD
343352,Pedro Miguel de Sousa Rego,low_confidence,364904.0,Totas,30.0,"name,age±1",https://www.transfermarkt.com/totas/profil/spieler/364904,Pevidém,Rebordosa AC
343372,Sandro Rafael Ferreira Costa,low_confidence,316126.0,Sandro Costa,80.0,"name,age±1",https://www.transfermarkt.com/sandro-costa/profil/spieler/316126,Vianense,Retired
343376,José Henrique Ferreira Oliveira,low_confidence,402741.0,Zé Oliveira,75.0,"name,age±1,club:Fafe",https://www.transfermarkt.com/ze-oliveira/profil/spieler/402741,Fafe,AD Fafe
343410,Miguel Bandarra Rodrigues,matched,647129.0,Miguel Bandarra,171.7,"name,age±1,club:CF Os Belenenses",https://www.transfermarkt.com/miguel-bandarra/profil/spieler/647129,CF Os Belenenses,CF Os Belenenses
343416,Nuno Miguel Pereira da Silva,low_confidence,1064151.0,Nuno Silva,70.0,"name,age±1",https://www.transfermarkt.com/nuno-silva/profil/spieler/1064151,Moncarapachense,FC Ferreiras
343420,Ibrahim Coulibaly,matched,178317.0,Ibrahim Coulibaly,130.0,"name,age±1",https://www.transfermarkt.com/ibrahim-coulibaly/profil/spieler/178317,Oliveira Hospital,Unknown
343443,Nuno Miguel  Adro Tomás,no_match,,,,,,,
343468,Jordanes Fernando Sousa Medeiros,low_confidence,393437.0,Jordanes,55.0,"name,age±1",https://www.transfermarkt.com/jordanes/profil/spieler/393437,Fontinhas,JD Lajense
343476,Pedrinho,low_confidence,515208.0,Pedrinho,100.0,name,https://www.transfermarkt.com/pedrinho/profil/spieler/515208,Pevidém,Shakhtar Donetsk
343498,Belarmino Semedo Lopes Tavares,low_confidence,352795.0,Bela Tavares,50.0,"name,age±1",https://www.transfermarkt.com/bela-tavares/profil/spieler/352795,Paredes,FC Alpendorada
343546,Pedro Miguel Garcia Faustino,low_confidence,361741.0,Pedro Faustino,80.0,"name,age±1",https://www.transfermarkt.com/pedro-faustino/profil/spieler/361741,Caldas,SC Leiria e Marrazes
343557,João Vasco,matched,514019.0,João Vasco,175.0,"name,club:Lusitania FC Lourosa",https://www.transfermarkt.com/joao-vasco/profil/spieler/514019,Lusitania FC Lourosa,Lusitânia FC Lourosa
343563,José Carlos Freitas Fernandes,low_confidence,352989.0,Costinha,30.0,"name,age±1",https://www.transfermarkt.com/costinha/profil/spieler/352989,Pevidém,GDRC Os Sandinenses
343577,B. Sow,no_match,,,,,,,
343584,André Lopes Matos Galamba,low_confidence,710253.0,André Galamba,80.0,"name,age±1",https://www.transfermarkt.com/andre-galamba/profil/spieler/710253,Pêro Pinheiro,Clube Oriental Lissabon
344018,Fidelis Christopher Irhene,low_confidence,344394.0,Fidelis Irhene,96.7,"name,age±1",https://www.transfermarkt.com/fidelis-irhene/profil/spieler/344394,Amora,GD Marinhais
344019,João Pedro Pinto Cardoso,low_confidence,344398.0,João Cardoso,80.0,"name,age±1",https://www.transfermarkt.com/joao-cardoso/profil/spieler/344398,Oliveira Hospital,Without Club
344691,Miguel Ângelo Perez Lopes,low_confidence,339705.0,Chekie,55.0,"name,age±1,club:Amora",https://www.transfermarkt.com/chekie/profil/spieler/339705,Amora,Amora FC
345645,Gonçalo Gregório,low_confidence,404156.0,Gonçalo Gregório,100.0,name,https://www.transfermarkt.com/goncalo-gregorio/profil/spieler/404156,União de Leiria,FC Noah Yerevan
345712,O. Osemene,no_match,,,,,,,
345736,Carlos Reinaldo Moreira Alves,low_confidence,337795.0,Carlos Alves,105.0,"name,age±1,club:Académica",https://www.transfermarkt.com/carlos-alves/profil/spieler/337795,Académica,Académica Coimbra
345743,João Tavares,low_confidence,91647.0,Joao Tavares,100.0,name,https://www.transfermarkt.com/joao-tavares/profil/spieler/91647,CF Os Belenenses,Retired
345747,João Vaz Mendes,low_confidence,337806.0,João Mendes,96.7,"name,age±1",https://www.transfermarkt.com/joao-mendes/profil/spieler/337806,Oliveira Hospital,Juventude Évora SC
345749,J. Pereira,no_match,,,,,,,
348070,Pedro José de Moura Duarte Pinto,low_confidence,689117.0,Pedro Pinto,63.3,"name,age±1",https://www.transfermarkt.com/pedro-pinto/profil/spieler/689117,Atlético CP,SC Beira-Mar
348076,Fábio Mutaro Baldé,low_confidence,570227.0,Fábio Baldé,96.7,"name,age±1",https://www.transfermarkt.com/fabio-balde/profil/spieler/570227,São João Ver,Leça FC
348294,André Filipe Poupinha Sequeira Serra,no_match,,,,,,,
348298,Hélder Almeida,matched,640842.0,Hélder Almeida,125.0,"name,club:Oliveira Hospital",https://www.transfermarkt.com/helder-almeida/profil/spieler/640842,Oliveira Hospital,GD Oliveira Frades
349051,Gustavo Tocantins,low_confidence,346767.0,Gustavo Tocantins,100.0,name,https://www.transfermarkt.com/gustavo-tocantins/profil/spieler/346767,Anadia,PSS Sleman
350608,Bernardo Campos Curvo Félix Prego,low_confidence,586850.0,Benny,105.0,"name,age±1,club:Lusitano Évora 1911",https://www.transfermarkt.com/benny/profil/spieler/586850,Lusitano Évora 1911,Associação Lusitano de Évora 1911
350612,Sérgio Miguel Velosa Pereira,low_confidence,375385.0,Miguel Velosa,80.0,"name,age±1",https://www.transfermarkt.com/miguel-velosa/profil/spieler/375385,Caldas,FC Urartu Yerevan
351847,Ricardo Almeida Ribeiro,low_confidence,374778.0,Ricardo Almeida,96.7,"name,age±1",https://www.transfermarkt.com/ricardo-almeida/profil/spieler/374778,Fontinhas,Brito SC
351848,Marco Ribeiro,matched,352558.0,Marco Ribeiro,175.0,"name,club:Lusitania FC Lourosa",https://www.transfermarkt.com/marco-ribeiro/profil/spieler/352558,Lusitania FC Lourosa,Lusitânia FC Lourosa
351849,André Filipe Carneiro Leal,no_match,,,,,,,
351853,Rui Batalha,low_confidence,353212.0,Rui Batalha,100.0,name,https://www.transfermarkt.com/rui-batalha/profil/spieler/353212,1º Dezembro,FA Siauliai
351856,João Miguel Silva Paxim Monteiro,low_confidence,372496.0,João Monteiro,70.0,"name,age±1",https://www.transfermarkt.com/joao-monteiro/profil/spieler/372496,União Santarém,Botafogo FC Cabanas
351893,Diogo Martins,low_confidence,548332.0,Diogo Martins,100.0,name,https://www.transfermarkt.com/diogo-martins/profil/spieler/548332,Alverca,UD Leiria
351917,Carlos Manuel Lobo Pires Semedo,low_confidence,337978.0,Ká Semedo,71.7,"name,age±1,club:Fafe",https://www.transfermarkt.com/ka-semedo/profil/spieler/337978,Fafe,AD Fafe
351923,Gonçalo Garcias Neves Maria,low_confidence,342239.0,Gonçalo Maria,80.0,"name,age±1",https://www.transfermarkt.com/goncalo-maria/profil/spieler/342239,CF Os Belenenses,Associação Naval 1893
351924,Fábio Santos Ferreira,matched,396578.0,Fábio Ferreira,146.7,"name,age±1,club:Atlético CP",https://www.transfermarkt.com/fabio-ferreira/profil/spieler/396578,Atlético CP,Atlético CP
351927,Diogo Casimiro,low_confidence,1463213.0,Diogo Casimiro,100.0,name,https://www.transfermarkt.com/diogo-casimiro/profil/spieler/1463213,Sporting Braga II,CD Almodôvar
351928,Pedro Pinho Marques,low_confidence,425371.0,Pedro Marques,96.7,"name,age±1",https://www.transfermarkt.com/pedro-marques/profil/spieler/425371,Amora,Retired
351935,José Pedro Ferreira Costa Leite,low_confidence,344541.0,Zé Pedro,46.7,"name,age±1",https://www.transfermarkt.com/ze-pedro/profil/spieler/344541,Sanjoanense,Without Club
351938,Vasco Reis Peixe Sanona Coelho,low_confidence,326738.0,Vasco Coelho,70.0,"name,age±1",https://www.transfermarkt.com/vasco-coelho/profil/spieler/326738,Anadia,Leça FC
358648,Flávio Silva,low_confidence,356450.0,Flávio Silva,100.0,name,https://www.transfermarkt.com/flavio-silva/profil/spieler/356450,Amora,Kaizer Chiefs
358659,Paulinho,low_confidence,57229.0,Paulinho,100.0,name,https://www.transfermarkt.com/paulinho/profil/spieler/57229,Felgueiras 1932,Retired
358667,Ibrahim Koneh,low_confidence,591020.0,Ibra Koneh,63.3,"name,age±1",https://www.transfermarkt.com/ibra-koneh/profil/spieler/591020,São João Ver,Without Club
358678,Ivo Alexandre  Pereira Braz,no_match,,,,,,,
358722,Tiago Luís  Caetano Pereira,no_match,,,,,,,
358734,João Paulo  Carvalho Pinto,no_match,,,,,,,
358744,Diogo Pereira,matched,1323420.0,Diogo Pereira,125.0,"name,club:Lusitania FC Lourosa",https://www.transfermarkt.com/diogo-pereira/profil/spieler/1323420,Lusitania FC Lourosa,Merelinense FC
358749,Assane Niasse Baldé,low_confidence,580795.0,Assane Baldé,96.7,"name,age±1",https://www.transfermarkt.com/assane-balde/profil/spieler/580795,Cova da Piedade,Without Club
358755,João Paulo Lázaro Lucas,matched,347905.0,João Lucas,155.0,"name,age±1,club:CF Os Belenenses",https://www.transfermarkt.com/joao-lucas/profil/spieler/347905,CF Os Belenenses,CF Os Belenenses
358758,Yannick Jorge  Tavares Medina,no_match,,,,,,,
358761,Rúben Filipe Almeida Fidalgo,low_confidence,585860.0,Rúben Fidalgo,80.0,"name,age±1",https://www.transfermarkt.com/ruben-fidalgo/profil/spieler/585860,Oriental Dragon,Retired
359542,João Guilherme Gonçalves de Sousa,low_confidence,351977.0,João Sousa,70.0,"name,age±1",https://www.transfermarkt.com/joao-sousa/profil/spieler/351977,Amora,Sport Arronches e Benfica
360552,Paulo Marcelo,low_confidence,442820.0,Paulo Marcelo,100.0,name,https://www.transfermarkt.com/paulo-marcelo/profil/spieler/442820,Atlético CP,EC XV de Piracicaba
360689,Victor Ribeiro,low_confidence,667174.0,Victor Ribeiro,100.0,name,https://www.transfermarkt.com/victor-ribeiro/profil/spieler/667174,União de Leiria,FC Triesenberg
363617,Matheus Clemente,low_confidence,631589.0,Matheus Clemente,100.0,name,https://www.transfermarkt.com/matheus-clemente/profil/spieler/631589,Felgueiras 1932,FC RFS
363944,Jeferson,low_confidence,123628.0,Jeferson,100.0,name,https://www.transfermarkt.com/jeferson/profil/spieler/123628,Amora,Retired
363983,Ronaldo Rodrigues,low_confidence,323938.0,Ronaldo Rodrigues,100.0,name,https://www.transfermarkt.com/ronaldo-rodrigues/profil/spieler/323938,Anadia,FC Imishli
364681,Geraldo Amâncio Matsimbe,low_confidence,357785.0,Geraldo,63.3,"name,age±1",https://www.transfermarkt.com/geraldo/profil/spieler/357785,Fafe,Juventude Évora SC
364683,João Tiago Oliveira da Cunha,low_confidence,353840.0,João Cunha,70.0,"name,age±1",https://www.transfermarkt.com/joao-cunha/profil/spieler/353840,Anadia,FC Tirsense
364684,Victor Emanuel Araújo Ferreira,low_confidence,350310.0,Vitó,80.0,"name,age±1,club:1º Dezembro",https://www.transfermarkt.com/vito/profil/spieler/350310,1º Dezembro,SU 1º Dezembro
364689,Onyekachi Eze Silas,low_confidence,356117.0,Onyekachi Silas,96.7,"name,age±1",https://www.transfermarkt.com/onyekachi-silas/profil/spieler/356117,Varzim,LGC Moncarapachense
364695,Bruno Miguel de Sousa Silva,matched,385794.0,Bruno Sousa,145.0,"name,age±1,club:AD Marco 09",https://www.transfermarkt.com/bruno-sousa/profil/spieler/385794,AD Marco 09,AD Marco 09
364708,Gildo Olímpio Sena Monteiro,low_confidence,514926.0,Júnior Sena,50.0,"name,age±1",https://www.transfermarkt.com/junior-sena/profil/spieler/514926,Real SC,Without Club
364744,Armando Miguel  Mota Silva,no_match,,,,,,,
364751,Jacob Olorunwa Adebanjo,low_confidence,470960.0,Jacob Adebanjo,96.7,"name,age±1",https://www.transfermarkt.com/jacob-adebanjo/profil/spieler/470960,Lusitania FC Lourosa,CF Os Marialvas
364753,Adewale Oluwafemi Sapara,no_match,,,,,,,
364763,Joel  Pires Quintas Neves,no_match,,,,,,,
364768,Joseph Amoah,matched,358719.0,Joseph Amoah,130.0,"name,age±1",https://www.transfermarkt.com/joseph-amoah/profil/spieler/358719,Fafe,FC Tirsense
365844,R. Ogawa,no_match,,,,,,,
369067,Chima Uche Akas,no_match,,,,,,,
369449,Juancho Victoria,low_confidence,368635.0,Juancho Victoria,100.0,name,https://www.transfermarkt.com/juancho-victoria/profil/spieler/368635,Amora,CD Numancia
369567,Diogo Guedes Nunes,low_confidence,363778.0,Diogo Nunes,96.7,"name,age±1",https://www.transfermarkt.com/diogo-nunes/profil/spieler/363778,Felgueiras 1932,Leça FC
369570,Emmanuel Oti Essigba,low_confidence,355483.0,Emmanuel Oti,96.7,"name,age±1",https://www.transfermarkt.com/emmanuel-oti/profil/spieler/355483,Anadia,Without Club
369998,Thierno Niang,matched,366102.0,Thierno Niang,130.0,"name,age±1",https://www.transfermarkt.com/thierno-niang/profil/spieler/366102,São João Ver,Without Club
370367,Marcos Soares Elias Junior,low_confidence,487396.0,Marcos Júnior,80.0,"name,age±1",https://www.transfermarkt.com/marcos-junior/profil/spieler/487396,Fafe,Without Club
370494,Azougha Tembeng Abenego,no_match,,,,,,,
372424,Bernardo Pereira Silvano,low_confidence,484359.0,Benny,30.0,"name,age±1",https://www.transfermarkt.com/benny/profil/spieler/484359,Académica,SC Leiria e Marrazes
372976,Gabriel Souza,low_confidence,375770.0,Gabriel Souza,100.0,name,https://www.transfermarkt.com/gabriel-souza/profil/spieler/375770,Fafe,CD Tondela
373525,Fernando Miguel Marques Pedrosa,low_confidence,371843.0,Nando Pedrosa,50.0,"name,age±1",https://www.transfermarkt.com/nando-pedrosa/profil/spieler/371843,Oliveira Hospital,Mortágua FC
374801,Lucas Marques,low_confidence,375025.0,Lucas Marques,100.0,name,https://www.transfermarkt.com/lucas-marques/profil/spieler/375025,Vitória Setúbal,Londrina Esporte Clube (PR)
374928,Bruno Silva,low_confidence,33260.0,Bruno Silva,100.0,name,https://www.transfermarkt.com/bruno-silva/profil/spieler/33260,Felgueiras 1932,Retired
379113,João Bravim,low_confidence,700168.0,João Bravim,100.0,name,https://www.transfermarkt.com/joao-bravim/profil/spieler/700168,Alverca,UD Leiria
380916,Denis Emanuel Rodríguez,low_confidence,381347.0,Denis Rodríguez,96.7,"name,age±1",https://www.transfermarkt.com/denis-rodriguez/profil/spieler/381347,Amora,Leones de Rosario FC
382747,Antônio Carlos,low_confidence,31753.0,Antônio Carlos,100.0,name,https://www.transfermarkt.com/antonio-carlos/profil/spieler/31753,Canelas 2010,Retired
382951,Cassiano Borges Santana,matched,806981.0,Cassiano,138.3,"name,age±1,club:Lusitano Évora 1911",https://www.transfermarkt.com/cassiano/profil/spieler/806981,Lusitano Évora 1911,Associação Lusitano de Évora 1911
385641,Celso Casimiro Domingos,low_confidence,377237.0,Celsinho,30.0,"name,age±1",https://www.transfermarkt.com/celsinho/profil/spieler/377237,Moncarapachense,GD Lagoa
385644,Márcio Rosa,low_confidence,398048.0,Márcio Rosa,100.0,name,https://www.transfermarkt.com/marcio-rosa/profil/spieler/398048,Anadia,Montana
385647,Fernando Gabriel Silva Andrade,low_confidence,385588.0,Nandinho,105.0,"name,age±1,club:AD Marco 09",https://www.transfermarkt.com/nandinho/profil/spieler/385588,AD Marco 09,AD Marco 09
385648,Vieirinha,low_confidence,35247.0,Vieirinha,100.0,name,https://www.transfermarkt.com/vieirinha/profil/spieler/35247,São João Ver,Retired
385669,Gustavo Filipe,low_confidence,982575.0,Gustavo Sá,33.3,name,https://www.transfermarkt.com/gustavo-sa/profil/spieler/982575,Cova da Piedade,FC Famalicão
388849,Francisco Roldán Lupiañez,low_confidence,393233.0,Fran Roldán,55.0,"name,age±1",https://www.transfermarkt.com/fran-roldan/profil/spieler/393233,1º Dezembro,Without Club
392743,Joel Pereira Dias,low_confidence,842582.0,Joel Dias,96.7,"name,age±1",https://www.transfermarkt.com/joel-dias/profil/spieler/842582,Atlético CP,GD Alcochetense
393138,Jonata de Oliveira Bastos,low_confidence,394416.0,Jonata,55.0,"name,age±1",https://www.transfermarkt.com/jonata/profil/spieler/394416,Alverca,Agremiação Sportiva Arapiraquense (AL)
393933,Erin Jorge Gomes Pinheiro,low_confidence,395447.0,Cicin,30.0,"name,age±1",https://www.transfermarkt.com/cicin/profil/spieler/395447,Atlético CP,FC Derby
397099,Daniel Grilo Azevedo,matched,383008.0,Daniel Azevedo,121.7,"name,age±1,club:Amora",https://www.transfermarkt.com/daniel-azevedo/profil/spieler/383008,Amora,Amora FC
397101,Rodrigo Borges,low_confidence,351751.0,Rodrigo Borges,100.0,name,https://www.transfermarkt.com/rodrigo-borges/profil/spieler/351751,Sporting Braga II,CS Marítimo
397106,Mika Borges,low_confidence,396441.0,Mika Borges,100.0,name,https://www.transfermarkt.com/mika-borges/profil/spieler/396441,Lusitania FC Lourosa,Nea Salamina Famagusta
397113,Jorginho,low_confidence,102017.0,Jorginho,100.0,name,https://www.transfermarkt.com/jorginho/profil/spieler/102017,Canelas 2010,CR Flamengo
397860,Pedro Albino,low_confidence,390523.0,Pedro Albino,100.0,name,https://www.transfermarkt.com/pedro-albino/profil/spieler/390523,União de Leiria,Corvinul Hunedoara
397862,Tiago António Garcia Francisco,low_confidence,397380.0,Tiago Francisco,80.0,"name,age±1",https://www.transfermarkt.com/tiago-francisco/profil/spieler/397380,Pevidém,Retired
399649,João Lameira,low_confidence,357165.0,João Lameira,100.0,name,https://www.transfermarkt.com/joao-lameira/profil/spieler/357165,Torreense,SC Otelul Galati
399656,Leandro José Ribeiro Tipote,matched,357151.0,Tipote,130.0,"name,age±1,club:Lusitano Évora 1911",https://www.transfermarkt.com/tipote/profil/spieler/357151,Lusitano Évora 1911,Associação Lusitano de Évora 1911
400372,Mário Pasquinha Évora,no_match,,,,,,,
401279,David Moisés  Sousa Santos,no_match,,,,,,,
401290,Guilherme Pereira Sebastião Morais,low_confidence,372487.0,Guilherme Morais,80.0,"name,age±1",https://www.transfermarkt.com/guilherme-morais/profil/spieler/372487,Torreense,Retired
401298,Leandro Silva,low_confidence,192462.0,Leandro Silva,100.0,name,https://www.transfermarkt.com/leandro-silva/profil/spieler/192462,Trofense,União Recreativa dos Trabalhadores (MG)
401302,Nuno João Costa Januário,no_match,,,,,,,
401305,Tiago Miguel  Bastos Melo,no_match,,,,,,,
401314,Vítor Hugo Cruz Rocha,low_confidence,403004.0,Pisco,30.0,"name,age±1",https://www.transfermarkt.com/pisco/profil/spieler/403004,Sanjoanense,ÍBV Vestmannaeyjar
401315,José Domingos Neves Lourenço,low_confidence,287878.0,Zé Domingos,50.0,"name,age±1",https://www.transfermarkt.com/ze-domingos/profil/spieler/287878,Vilaverdense,Leça FC
401316,Francisco Alexandre Lopes Ribeiro,low_confidence,352924.0,Chico,30.0,"name,age±1",https://www.transfermarkt.com/chico/profil/spieler/352924,Fafe,AR São Martinho
401337,Álvaro Jordão  Pinto Silva Cardoso,no_match,,,,,,,
401363,Paulo Jorge Almeida Silva,low_confidence,352768.0,Paulinho,80.0,"name,age±1,club:Atlético CP",https://www.transfermarkt.com/paulinho/profil/spieler/352768,Atlético CP,Atlético CP
401364,Rúben Miguel  Carvalho Marques,no_match,,,,,,,
401365,Tiago Emanuel Jesus Morgado,matched,352770.0,Tiago Morgado,155.0,"name,age±1,club:CF Os Belenenses",https://www.transfermarkt.com/tiago-morgado/profil/spieler/352770,CF Os Belenenses,CF Os Belenenses
401396,Prince  Masino Bonkat,no_match,,,,,,,
401401,André Martins,low_confidence,90367.0,André Martins,100.0,name,https://www.transfermarkt.com/andre-martins/profil/spieler/90367,Montalegre,Retired
401413,Lisandro Emanuel  Silva Menezes,no_match,,,,,,,
401439,A. Touré,no_match,,,,,,,
401445,Miguel Ângelo Danif Carvalho de Abreu,no_match,,,,,,,
401562,Emanuel Domingos Silva Oliveira,low_confidence,893262.0,Emanuel Oliveira,80.0,"name,age±1",https://www.transfermarkt.com/emanuel-oliveira/profil/spieler/893262,Pevidém,Santiago Mascotelos FC
401570,Inácio José  Trocado Marques,no_match,,,,,,,
401596,David  Brás Rodrigues,no_match,,,,,,,
401626,Sele  Davou,no_match,,,,,,,
402310,João Vítor Frazão Sousa,low_confidence,631283.0,João Frazão,80.0,"name,age±1",https://www.transfermarkt.com/joao-frazao/profil/spieler/631283,União de Leiria,Without Club
403858,K. Kodisang,no_match,,,,,,,
404333,P. Assane,no_match,,,,,,,
405900,D. Lytvyn,no_match,,,,,,,
405907,Luizinho  Silva,no_match,,,,,,,
405912,João Paredes,low_confidence,548656.0,João Paredes,100.0,name,https://www.transfermarkt.com/joao-paredes/profil/spieler/548656,CF Os Belenenses,Sukhothai FC
405920,Yuran Fernandes,low_confidence,655080.0,Yuran Fernandes,100.0,name,https://www.transfermarkt.com/yuran-fernandes/profil/spieler/655080,Torreense,PSM Makassar
406942,João Carlos Pereira Batista,low_confidence,438911.0,João Batista,105.0,"name,age±1,club:Fafe",https://www.transfermarkt.com/joao-batista/profil/spieler/438911,Fafe,AD Fafe
407458,Gildo Lourenço Vilanculos,low_confidence,407356.0,Gildo Vilanculos,96.7,"name,age±1",https://www.transfermarkt.com/gildo-vilanculos/profil/spieler/407356,Académica,Tadamon Sour
408132,Clayton Sampaio,low_confidence,371968.0,Clayton,50.0,name,https://www.transfermarkt.com/clayton/profil/spieler/371968,Real SC,Sport Club Internacional
408139,Iago Oliveira,low_confidence,1230825.0,Oliveira,50.0,name,https://www.transfermarkt.com/oliveira/profil/spieler/1230825,Alverca,Retired
410012,Rodrigo Antônio Mathiola,low_confidence,671801.0,Rodrigo Mathiola,96.7,"name,age±1",https://www.transfermarkt.com/rodrigo-mathiola/profil/spieler/671801,Anadia,CD Cinfães
410015,Vitor Gabriel,low_confidence,575373.0,Vitor Gabriel,100.0,name,https://www.transfermarkt.com/vitor-gabriel/profil/spieler/575373,Académica,Bucheon FC 1995
411487,Danilo Doce Monteiro,low_confidence,1064879.0,Danilo Monteiro,96.7,"name,age±1",https://www.transfermarkt.com/danilo-monteiro/profil/spieler/1064879,Vilaverdense,Western City Rangers FC
412654,Diogo Filipe Silva,low_confidence,718936.0,Didi,30.0,"name,age±1",https://www.transfermarkt.com/didi/profil/spieler/718936,Fafe,SC Beira-Mar
413023,Michael Matias Fracaro,low_confidence,579207.0,Michael,63.3,"name,age±1",https://www.transfermarkt.com/michael/profil/spieler/579207,Alverca,Betim Futebol
413257,André António Rosário Teles,low_confidence,443673.0,André Teles,80.0,"name,age±1",https://www.transfermarkt.com/andre-teles/profil/spieler/443673,Oliveira Hospital,AD Camacha
413258,Yannick Semedo,low_confidence,620307.0,Yannick Semedo,100.0,name,https://www.transfermarkt.com/yannick-semedo/profil/spieler/620307,Vilaverdense,SC Farense
413259,Iuri Gomes Miguel,matched,587181.0,Iuri Miguel,121.7,"name,age±1,club:Amora",https://www.transfermarkt.com/iuri-miguel/profil/spieler/587181,Amora,Amora FC
413269,Gonçalo Lima Pereira Pimenta,low_confidence,380994.0,Gonçalo Pimenta,105.0,"name,age±1,club:Varzim",https://www.transfermarkt.com/goncalo-pimenta/profil/spieler/380994,Varzim,Varzim SC
413274,Tiago Alexandre Belchior Nunes,low_confidence,550347.0,Tiago Nunes,80.0,"name,age±1",https://www.transfermarkt.com/tiago-nunes/profil/spieler/550347,Real SC,Without Club
413291,Rodrigo Santos Moitas,low_confidence,624188.0,Rodrigo Moitas,96.7,"name,age±1",https://www.transfermarkt.com/rodrigo-moitas/profil/spieler/624188,Real SC,AD Oeiras
413298,Adilson Gancho Silva,low_confidence,614508.0,Adilson Silva,96.7,"name,age±1",https://www.transfermarkt.com/adilson-silva/profil/spieler/614508,Real SC,Adhyaksa FC Banten
413315,David Grilo,matched,372468.0,David Grilo,125.0,"name,club:CF Os Belenenses",https://www.transfermarkt.com/david-grilo/profil/spieler/372468,CF Os Belenenses,CF Estrela Amadora
413332,Midana Quintino Sambú,matched,426621.0,Midana Sambú,171.7,"name,age±1,club:CF Os Belenenses",https://www.transfermarkt.com/midana-sambu/profil/spieler/426621,CF Os Belenenses,CF Os Belenenses
413352,Adílio Varela Sanches,low_confidence,379354.0,Adílio Varela,96.7,"name,age±1",https://www.transfermarkt.com/adilio-varela/profil/spieler/379354,Oliveira Hospital,LGC Moncarapachense
414272,Tiago André Araújo Rodrigues,low_confidence,418424.0,Tiago André,105.0,"name,age±1,club:Académica",https://www.transfermarkt.com/tiago-andre/profil/spieler/418424,Académica,Académica Coimbra
414273,Jaiminho,low_confidence,418425.0,Jaiminho,100.0,name,https://www.transfermarkt.com/jaiminho/profil/spieler/418425,UD Oliveirense,SC Farense
415694,Rony Fernandes,low_confidence,620043.0,Rony Fernandes,100.0,name,https://www.transfermarkt.com/rony-fernandes/profil/spieler/620043,Amora,Tombense Futebol Clube (MG)
416496,Alex Tanque,low_confidence,848642.0,Alex Tanque,100.0,name,https://www.transfermarkt.com/alex-tanque/profil/spieler/848642,Canelas 2010,PSM Makassar
416575,Laércio Cordeiro de Morais,low_confidence,514804.0,Laércio,55.0,"name,age±1",https://www.transfermarkt.com/laercio/profil/spieler/514804,Vilaverdense,SC Vianense
416882,Gabriel Lima,low_confidence,137440.0,Gabriel Lima,100.0,name,https://www.transfermarkt.com/gabriel-lima/profil/spieler/137440,Fafe,Retired
416965,Yemi Samson Agbaoye,no_match,,,,,,,
417389,José Rui Lima Sobral,low_confidence,881320.0,Ruca,30.0,"name,age±1",https://www.transfermarkt.com/ruca/profil/spieler/881320,Vianense,Âncora Praia FC
419911,Cesar,low_confidence,57500.0,César Azpilicueta,50.0,name,https://www.transfermarkt.com/cesar-azpilicueta/profil/spieler/57500,União Santarém,Sevilla FC
419992,Flávio Aurelio da Silva Júnior,low_confidence,839927.0,Flavinho,30.0,"name,age±1",https://www.transfermarkt.com/flavinho/profil/spieler/839927,1º Dezembro,Anadia FC
420953,Eduardo Almeida Pinheiro,low_confidence,425372.0,Edu Pinheiro,80.0,"name,age±1,club:Sanjoanense",https://www.transfermarkt.com/edu-pinheiro/profil/spieler/425372,Sanjoanense,AD Sanjoanense
421348,Abdul Wahab Ibrahim,low_confidence,640837.0,Abdul Ibrahim,96.7,"name,age±1",https://www.transfermarkt.com/abdul-ibrahim/profil/spieler/640837,Vilaverdense,AD Baião
421381,Baba Zakari,matched,398241.0,Baba Zakari,130.0,"name,age±1",https://www.transfermarkt.com/baba-zakari/profil/spieler/398241,Amarante,CD Celoricense
421479,H. Abdul Wahab,no_match,,,,,,,
422151,Rodolfo Amaral Furtado Cardoso,low_confidence,427107.0,Rodolfo Cardoso,80.0,"name,age±1",https://www.transfermarkt.com/rodolfo-cardoso/profil/spieler/427107,Fontinhas,CD Santa Clara B
426042,Allan Nascimento Peixoto dos Santos,low_confidence,713281.0,Allan Peixoto,70.0,"name,age±1",https://www.transfermarkt.com/allan-peixoto/profil/spieler/713281,União Santarém,Without Club
427185,Pedro Miguel Rodrigues Graça,low_confidence,697709.0,Pedro Graça,80.0,"name,age±1",https://www.transfermarkt.com/pedro-graca/profil/spieler/697709,UD Oliveirense,Without Club
427685,João Victor,low_confidence,671145.0,João Victor,100.0,name,https://www.transfermarkt.com/joao-victor/profil/spieler/671145,Torreense,CSKA Moscow
428277,Victor Luiz,low_confidence,445102.0,Victor Luiz,100.0,name,https://www.transfermarkt.com/victor-luiz/profil/spieler/445102,Alverca,PSM Makassar
430596,João Paulo Almeida Santos,low_confidence,547188.0,Paulinho,30.0,"name,age±1",https://www.transfermarkt.com/paulinho/profil/spieler/547188,São João Ver,CF Os Marialvas
430766,António Jorge Resende Fernandes,low_confidence,580488.0,Tojó,30.0,"name,age±1",https://www.transfermarkt.com/tojo/profil/spieler/580488,São João Ver,SC Fermentelos
430795,Pedro Gabriel Freitas Silva Gonçalves,low_confidence,408860.0,Pedro Gonçalves,70.0,"name,age±1",https://www.transfermarkt.com/pedro-goncalves/profil/spieler/408860,União Santarém,Without Club
430798,Rúben Filipe Ramos Silva,low_confidence,597959.0,Rúben Silva,105.0,"name,age±1,club:Amarante",https://www.transfermarkt.com/ruben-silva/profil/spieler/597959,Amarante,Amarante FC
431151,Diogo Oliveira Barbosa,matched,480293.0,Diogo Barbosa,171.7,"name,age±1,club:São João Ver",https://www.transfermarkt.com/diogo-barbosa/profil/spieler/480293,São João Ver,SC São João de Ver
431187,Cláudio Oliveira Anjos,low_confidence,852212.0,Cláudio Anjos,96.7,"name,age±1",https://www.transfermarkt.com/claudio-anjos/profil/spieler/852212,Pêro Pinheiro,CD Olivais e Moscavide
432588,G. Souza,no_match,,,,,,,
433105,Litos,low_confidence,7777.0,Litos,100.0,name,https://www.transfermarkt.com/litos/profil/spieler/7777,Trofense,Retired
433512,Francisco Rafael Loureiro Afonso,low_confidence,258026.0,Francisco Afonso,80.0,"name,age±1",https://www.transfermarkt.com/francisco-afonso/profil/spieler/258026,Paredes,CD Cinfães
434003,Jonatas Santos,low_confidence,676539.0,Jonatas Santos,100.0,name,https://www.transfermarkt.com/jonatas-santos/profil/spieler/676539,União de Leiria,Ivinhema FC
434095,César Daniel Quiñones Caicedo,low_confidence,858030.0,César Quiñones,80.0,"name,age±1",https://www.transfermarkt.com/cesar-quinones/profil/spieler/858030,São João Ver,AC Vila Meã
435492,Diego Riechelmann Andrade,matched,1183368.0,Diego Riechelmann,121.7,"name,age±1,club:Amora",https://www.transfermarkt.com/diego-riechelmann/profil/spieler/1183368,Amora,Amora FC
435563,Paulo Jorge Barros Pimentel Lima,low_confidence,435306.0,Paulo Lima,70.0,"name,age±1",https://www.transfermarkt.com/paulo-lima/profil/spieler/435306,1º Dezembro,Vaasan Palloseura
437081,Diogo Horta Leitão,matched,114028.0,Diogo Leitão,171.7,"name,age±1,club:CF Os Belenenses",https://www.transfermarkt.com/diogo-leitao/profil/spieler/114028,CF Os Belenenses,CF Os Belenenses
438499,Fábio Joel Batista Rodrigues,low_confidence,842601.0,Fábio Rodrigues,80.0,"name,age±1",https://www.transfermarkt.com/fabio-rodrigues/profil/spieler/842601,Felgueiras 1932,Without Club
439892,João Magno,low_confidence,595013.0,João Magno,100.0,name,https://www.transfermarkt.com/joao-magno/profil/spieler/595013,Canelas 2010,Betim Futebol
440546,Gonçalo Alexandre Glórias Tavares,low_confidence,376731.0,Gonçalo Tavares,80.0,"name,age±1",https://www.transfermarkt.com/goncalo-tavares/profil/spieler/376731,Amora,Without Club
440825,D. Murillo,no_match,,,,,,,
443627,Nuno Rodrigo Correia Alírio,low_confidence,447507.0,Rodrigo Alírio,80.0,"name,age±1",https://www.transfermarkt.com/rodrigo-alirio/profil/spieler/447507,Real SC,AD Camacha
445035,Diogo Rebelo Castro,matched,378227.0,Diogo Castro,121.7,"name,age±1,club:Fafe",https://www.transfermarkt.com/diogo-castro/profil/spieler/378227,Fafe,AD Fafe
445079,Chico,low_confidence,728056.0,Chico Formiga,50.0,name,https://www.transfermarkt.com/chico-formiga/profil/spieler/728056,Pevidém,---
445325,Jorge Daniel Abreu Vilela,low_confidence,379093.0,Jorge Vilela,80.0,"name,age±1",https://www.transfermarkt.com/jorge-vilela/profil/spieler/379093,Varzim,CD Águias de Eiriz
445341,João Pedro Martins Cunha Fernandes,low_confidence,451399.0,Joãozinho,30.0,"name,age±1",https://www.transfermarkt.com/joaozinho/profil/spieler/451399,Atlético CP,Varzim SC
446481,Kiko Rodrigues,low_confidence,979950.0,Kiko Rodrigues,100.0,name,https://www.transfermarkt.com/kiko-rodrigues/profil/spieler/979950,Felgueiras 1932,AA Internacional de Bebedouro
446491,Leandro Antunes,low_confidence,379875.0,Leandro Antunes,100.0,name,https://www.transfermarkt.com/leandro-antunes/profil/spieler/379875,União de Leiria,Al-Riyadh SC
446492,Mouhamed Mbaye,low_confidence,865484.0,Mouhamed Mbaye,110.0,"name,age±3",https://www.transfermarkt.com/mouhamed-mbaye/profil/spieler/865484,Varzim,CS Feytiat
447539,André Manuel Pinto Nogueira Sousa,low_confidence,438913.0,André Sousa,70.0,"name,age±1",https://www.transfermarkt.com/andre-sousa/profil/spieler/438913,Pevidém,SC Vila Real
447555,André Alexandre Antunes Pedrosa,low_confidence,372478.0,André Pedrosa,80.0,"name,age±1",https://www.transfermarkt.com/andre-pedrosa/profil/spieler/372478,Pêro Pinheiro,Without Club
447557,João Marna,low_confidence,449093.0,João Marna,100.0,name,https://www.transfermarkt.com/joao-marna/profil/spieler/449093,Felgueiras 1932,SC Maria da Fonte
450160,Pedro Manuel Gomes Oliveira Almeida Pereira,no_match,,,,,,,
452287,Mohamed Cheik Ali Touré,no_match,,,,,,,
452707,Lessinho,low_confidence,691837.0,Lessinho,100.0,name,https://www.transfermarkt.com/lessinho/profil/spieler/691837,Amora,Capital CF
452712,João Alexandre Cotovio Hilário,low_confidence,749791.0,João Hilário,80.0,"name,age±1",https://www.transfermarkt.com/joao-hilario/profil/spieler/749791,Pêro Pinheiro,GDU Ericeirense
452737,Felipe Ryan Alves Silva,low_confidence,556653.0,Felipe Ryan,80.0,"name,age±1",https://www.transfermarkt.com/felipe-ryan/profil/spieler/556653,Varzim,Kendal Tornado FC
452792,Guilherme Moreira Campos,low_confidence,545068.0,Guilherme Campos,96.7,"name,age±1",https://www.transfermarkt.com/guilherme-campos/profil/spieler/545068,União Santarém,Louletano DC
452805,Afonso Ferreira Caetano,low_confidence,484452.0,Afonso Caetano,96.7,"name,age±1",https://www.transfermarkt.com/afonso-caetano/profil/spieler/484452,Fafe,Retired
453101,Diogo Oliveira Silva,matched,449432.0,Diogo Silva,171.7,"name,age±1,club:AD Marco 09",https://www.transfermarkt.com/diogo-silva/profil/spieler/449432,AD Marco 09,AD Marco 09
453104,Aloísio Neto,low_confidence,554040.0,Aloísio Neto,100.0,name,https://www.transfermarkt.com/aloisio-neto/profil/spieler/554040,Académica,PSM Makassar
453187,Tiago Filipe Fernandes Martins,low_confidence,415333.0,Tiago Martins,105.0,"name,age±1,club:Fafe",https://www.transfermarkt.com/tiago-martins/profil/spieler/415333,Fafe,AD Fafe
453198,Nélson Landim,low_confidence,673996.0,Nélson Landim,100.0,name,https://www.transfermarkt.com/nelson-landim/profil/spieler/673996,Amora,SC Lourinhanense
453208,Kenneth Sebastian,low_confidence,647275.0,Bastian,30.0,"name,age±1",https://www.transfermarkt.com/bastian/profil/spieler/647275,União Santarém,LGC Moncarapachense
453215,Josemar Balanga Agostinho,low_confidence,1064153.0,Josemar Agostinho,96.7,"name,age±1",https://www.transfermarkt.com/josemar-agostinho/profil/spieler/1064153,Moncarapachense,Without Club
453471,Z. Ngom,no_match,,,,,,,
453474,Aliu Ronaldo,low_confidence,640844.0,Aliu Ronaldo,100.0,name,https://www.transfermarkt.com/aliu-ronaldo/profil/spieler/640844,Sanjoanense,ACD Angelo Cristofaro Oppido
453515,Francisco José Moreira Sousa,low_confidence,541825.0,Chico Sousa,50.0,"name,age±1",https://www.transfermarkt.com/chico-sousa/profil/spieler/541825,Amarante,Rebordosa AC
453521,Ednilson Jesus Tavares Furtado,no_match,,,,,,,
453525,Edmilson Jesus Moreira Mendes,low_confidence,724640.0,Elvis,30.0,"name,age±1",https://www.transfermarkt.com/elvis/profil/spieler/724640,Académica,Louletano DC
453537,Diego Raposo,low_confidence,616276.0,Diego Raposo,100.0,name,https://www.transfermarkt.com/diego-raposo/profil/spieler/616276,Torreense,Lokomotiv Sofia
456064,D. Choi,no_match,,,,,,,
460134,Pedro Matos,low_confidence,485575.0,Pedro Matos,100.0,name,https://www.transfermarkt.com/pedro-matos/profil/spieler/485575,Fafe,Persekat Tegal
460164,Rui Fernando Pereira Rodrigues,low_confidence,631281.0,Rui Rodrigues,80.0,"name,age±1",https://www.transfermarkt.com/rui-rodrigues/profil/spieler/631281,Caldas,UD Serra
460508,Mauricio Tomazi Pinheiro,low_confidence,524571.0,Tomazi,63.3,"name,age±1",https://www.transfermarkt.com/tomazi/profil/spieler/524571,São João Ver,CD Cinfães
471511,Álvaro José Novo Milhazes,low_confidence,438909.0,Milhazes,80.0,"name,age±1,club:Varzim",https://www.transfermarkt.com/milhazes/profil/spieler/438909,Varzim,Varzim SC
471746,Rafa Santos,low_confidence,232177.0,Rafa Santos,100.0,name,https://www.transfermarkt.com/rafa-santos/profil/spieler/232177,Real SC,Without Club
471747,Rui Pedro Fialho Oliveira,low_confidence,602951.0,Rui Oliveira,80.0,"name,age±1",https://www.transfermarkt.com/rui-oliveira/profil/spieler/602951,Caldas,Without Club
471751,Jorge Filipe  Soares Silva,no_match,,,,,,,
471956,João Ricciulli,low_confidence,461923.0,João Ricciulli,100.0,name,https://www.transfermarkt.com/joao-ricciulli/profil/spieler/461923,Vitória Guimarães II,FC Differdange 03
471962,António Xavier Ferreira Nascimento,low_confidence,409415.0,Xavi,30.0,"name,age±1",https://www.transfermarkt.com/xavi/profil/spieler/409415,Amora,Without Club
472294,Celton Biai,low_confidence,461963.0,Celton Biai,100.0,name,https://www.transfermarkt.com/celton-biai/profil/spieler/461963,Vitória Guimarães II,FC Dordrecht
472295,Diogo Garrido,low_confidence,461964.0,Diogo Garrido,100.0,name,https://www.transfermarkt.com/diogo-garrido/profil/spieler/461964,Caldas,FC UNA Strassen
472296,Nuno João Oliveira Gonçalves,low_confidence,357477.0,Nuca,30.0,"name,age±1",https://www.transfermarkt.com/nuca/profil/spieler/357477,Anadia,O Elvas CAD
472307,João Miguel Melo de Oliveira,no_match,,,,,,,
472387,Afonso Freitas,low_confidence,448264.0,Afonso Freitas,100.0,name,https://www.transfermarkt.com/afonso-freitas/profil/spieler/448264,Vitória Guimarães II,CS Marítimo
472567,João Gonçalo Carvalho Cardoso,low_confidence,461504.0,João Gonçalo,105.0,"name,age±1,club:Fafe",https://www.transfermarkt.com/joao-goncalo/profil/spieler/461504,Fafe,AD Fafe
472569,João Pedro Monteiro Oliveira,low_confidence,375373.0,Jota,105.0,"name,age±1,club:São João Ver",https://www.transfermarkt.com/jota/profil/spieler/375373,São João Ver,SC São João de Ver
472575,Fábio Renato Ribeiro Airosa Borges,low_confidence,396594.0,Fábio Borges,95.0,"name,age±1,club:Trofense",https://www.transfermarkt.com/fabio-borges/profil/spieler/396594,Trofense,CD Trofense
472579,Paulo Moreira,low_confidence,375392.0,Paulo Moreira,100.0,name,https://www.transfermarkt.com/paulo-moreira/profil/spieler/375392,Varzim,CF Estrela Amadora
472663,João Manuel Silva Monteiro,low_confidence,426212.0,João Monteiro,105.0,"name,age±1,club:Sanjoanense",https://www.transfermarkt.com/joao-monteiro/profil/spieler/426212,Sanjoanense,AD Sanjoanense
472671,Gonçalo Costa,low_confidence,383014.0,Gonçalo Costa,100.0,name,https://www.transfermarkt.com/goncalo-costa/profil/spieler/383014,Sporting CP II,GD Estoril Praia
472672,Benny,low_confidence,450790.0,Benny,100.0,name,https://www.transfermarkt.com/benny/profil/spieler/450790,Sporting CP II,AE Kifisia
472675,Tiago Filipe Vieira Rodrigues,low_confidence,375386.0,Tiago Rodrigues,80.0,"name,age±1",https://www.transfermarkt.com/tiago-rodrigues/profil/spieler/375386,Amora,Without Club
473390,Nuno Miguel Gomes Silva,low_confidence,598036.0,Nuno Silva,105.0,"name,age±1,club:Trofense",https://www.transfermarkt.com/nuno-silva/profil/spieler/598036,Trofense,CD Trofense
473400,André Paulo,low_confidence,647098.0,André Paulo,100.0,name,https://www.transfermarkt.com/andre-paulo/profil/spieler/647098,Oliveira Hospital,FC Alverca
473585,Vítor Bernardo Ferreira Rodrigues,low_confidence,556656.0,Vítor Rodrigues,80.0,"name,age±1",https://www.transfermarkt.com/vitor-rodrigues/profil/spieler/556656,Caldas,Retired
473606,I. Boakye,no_match,,,,,,,
475450,Marculino Francisco Ninte,matched,382032.0,Marculino Ninte,121.7,"name,age±1,club:Mafra",https://www.transfermarkt.com/marculino-ninte/profil/spieler/382032,Mafra,CD Mafra
476302,Luis Carlos Dos Santos Amorim,low_confidence,612574.0,Luisinho,30.0,"name,age±1",https://www.transfermarkt.com/luisinho/profil/spieler/612574,UD Oliveirense,Monte Roraima FC
476577,João Sidónio,low_confidence,599352.0,João Sidónio,100.0,name,https://www.transfermarkt.com/joao-sidonio/profil/spieler/599352,Varzim,Hapoel Kfar Shalem
476587,Francisco Xavier Oliveira Ferreira,low_confidence,695124.0,Francisco Ferreira,105.0,"name,age±1,club:Mafra",https://www.transfermarkt.com/francisco-ferreira/profil/spieler/695124,Mafra,CD Mafra
476589,Pedro Augusto Ferreira Soares,matched,591726.0,Pedro Soares,155.0,"name,age±1,club:AD Marco 09",https://www.transfermarkt.com/pedro-soares/profil/spieler/591726,AD Marco 09,AD Marco 09
476600,João Pedro Palma Santos,low_confidence,403716.0,João Santos,105.0,"name,age±1,club:Fafe",https://www.transfermarkt.com/joao-santos/profil/spieler/403716,Fafe,AD Fafe
477367,Filipe Almeida,low_confidence,449306.0,Filipe Almeida,100.0,name,https://www.transfermarkt.com/filipe-almeida/profil/spieler/449306,União de Leiria,FC Pyunik Yerevan
477391,Rafael Vaz Silva Santos,low_confidence,737968.0,Rafa,30.0,"name,age±1",https://www.transfermarkt.com/rafa/profil/spieler/737968,Anadia,Retired
477580,Romário Jorge  Tavares Carvalho,no_match,,,,,,,
477808,Renato Gaspar Alexandre,low_confidence,630170.0,Renato Alexandre,96.7,"name,age±1",https://www.transfermarkt.com/renato-alexandre/profil/spieler/630170,União de Leiria,GD Peniche
478423,Gonçalo Nuno Cabral Henriques,low_confidence,451143.0,Gonçalo Cabral,80.0,"name,age±1",https://www.transfermarkt.com/goncalo-cabral/profil/spieler/451143,Lusitânia,O Elvas CAD
478509,Diogo Tavares,low_confidence,558310.0,Diogo Tavares,100.0,name,https://www.transfermarkt.com/diogo-tavares/profil/spieler/558310,São João Ver,Valletta FC
479577,Miguel Pereira,low_confidence,8949.0,Miguel Pereira,100.0,name,https://www.transfermarkt.com/miguel-pereira/profil/spieler/8949,Lusitania FC Lourosa,Retired
480254,Hélder André Correia Martins,low_confidence,708659.0,Latón,30.0,"name,age±1",https://www.transfermarkt.com/laton/profil/spieler/708659,1º Dezembro,Without Club
480929,Nuno Cunha,low_confidence,479635.0,Nuno Cunha,100.0,name,https://www.transfermarkt.com/nuno-cunha/profil/spieler/479635,Sporting Braga II,FC Paços de Ferreira
481278,Vítor Hugo Almeida Tavares,low_confidence,617488.0,Vitinha,55.0,"name,age±1,club:Sanjoanense",https://www.transfermarkt.com/vitinha/profil/spieler/617488,Sanjoanense,AD Sanjoanense
482852,Rafael Rodrigues Azevedo Tavares,low_confidence,468317.0,Rafael Tavares,80.0,"name,age±1",https://www.transfermarkt.com/rafael-tavares/profil/spieler/468317,São João Ver,Without Club
482893,Filipe Alexandre Fragoeiro Cascão,low_confidence,556649.0,Filipe Cascão,80.0,"name,age±1",https://www.transfermarkt.com/filipe-cascao/profil/spieler/556649,Caldas,Retired
483850,Mauro Alexandre Miranda Andrade,matched,588200.0,Mauro Andrade,155.0,"name,age±1,club:Lusitano Évora 1911",https://www.transfermarkt.com/mauro-andrade/profil/spieler/588200,Lusitano Évora 1911,Associação Lusitano de Évora 1911
483919,Vasco Oliveira,low_confidence,445434.0,Vasco Oliveira,100.0,name,https://www.transfermarkt.com/vasco-oliveira/profil/spieler/445434,União de Leiria,Dobrudzha Dobrich
484564,Vitor Diogo Rocha Pinto,no_match,,,,,,,
484806,Daniel Cruz Liberal,low_confidence,476082.0,Daniel Liberal,96.7,"name,age±1",https://www.transfermarkt.com/daniel-liberal/profil/spieler/476082,Anadia,AS Melfi
485083,David Carmo,low_confidence,498237.0,David Carmo,100.0,name,https://www.transfermarkt.com/david-carmo/profil/spieler/498237,Sporting Braga II,Real Oviedo
485084,Miguel Gonçalves Silva,low_confidence,511864.0,Reko,55.0,"name,age±1,club:Trofense",https://www.transfermarkt.com/reko/profil/spieler/511864,Trofense,CD Trofense
485094,João Ferreira,low_confidence,481623.0,João Ferreira,100.0,name,https://www.transfermarkt.com/joao-ferreira/profil/spieler/481623,Sporting Braga II,AS Saint-Étienne
485664,Gabriel Carvalho da Silva,low_confidence,374161.0,Gabriel Pajé,50.0,"name,age±1",https://www.transfermarkt.com/gabriel-paje/profil/spieler/374161,Canelas 2010,Without Club
486121,Hircane Fernandes Graça,matched,682107.0,Hircane Graça,121.7,"name,age±1,club:Varzim",https://www.transfermarkt.com/hircane-graca/profil/spieler/682107,Varzim,Varzim SC
486126,João Silva,low_confidence,461903.0,João Silva,100.0,name,https://www.transfermarkt.com/joao-silva/profil/spieler/461903,Académica,CD Tondela
486564,Diogo Ramalho,low_confidence,478588.0,Ramalho,50.0,name,https://www.transfermarkt.com/ramalho/profil/spieler/478588,Sporting Covilhã,FCV Farul Constanta
486887,Pedro Alberto Rocha Araújo,low_confidence,478903.0,Pedro Araújo,105.0,"name,age±1,club:Paredes",https://www.transfermarkt.com/pedro-araujo/profil/spieler/478903,Paredes,USC Paredes
487064,Guilherme dos Santos Rodrigues,low_confidence,602031.0,Miranda,30.0,"name,age±1",https://www.transfermarkt.com/miranda/profil/spieler/602031,Anadia,Without Club
487069,Pedro Bernardo do Rio,matched,735121.0,Pedro do Rio,130.0,"name,age±1,club:Amora",https://www.transfermarkt.com/pedro-do-rio/profil/spieler/735121,Amora,Amora FC
487765,Eduardo Fabrício de Souza,matched,422411.0,Eduardo Love,125.0,"name,age±1,club:CF Os Belenenses",https://www.transfermarkt.com/eduardo-love/profil/spieler/422411,CF Os Belenenses,CF Os Belenenses
487773,Desailly,low_confidence,796292.0,Desailly,100.0,name,https://www.transfermarkt.com/desailly/profil/spieler/796292,Fontinhas,CD Santa Clara B
487835,Lucas Mufalo,low_confidence,723471.0,Lucas Mufalo,100.0,name,https://www.transfermarkt.com/lucas-mufalo/profil/spieler/723471,Fafe,Capital CF
487977,Tiago Vieira,matched,893243.0,Tiago Vieira,125.0,"name,club:Pevidém",https://www.transfermarkt.com/tiago-vieira/profil/spieler/893243,Pevidém,Pevidém SC
488254,Diogo Rafael Borges Feliz Branco,low_confidence,401824.0,Diogo Branco,70.0,"name,age±1",https://www.transfermarkt.com/diogo-branco/profil/spieler/401824,Oriental Dragon,GDU Ericeirense
488255,Tiago Filipe Gonçalves Feiteira,low_confidence,591938.0,Tiago Feiteira,80.0,"name,age±1",https://www.transfermarkt.com/tiago-feiteira/profil/spieler/591938,Oriental Dragon,SU Sintrense
488258,Francis Tochukwu Okoli,matched,481515.0,Francis Okoli,146.7,"name,age±1,club:Atlético CP",https://www.transfermarkt.com/francis-okoli/profil/spieler/481515,Atlético CP,Atlético CP
488336,Klismahn,low_confidence,606719.0,Gustavo Klismahn,50.0,name,https://www.transfermarkt.com/gustavo-klismahn/profil/spieler/606719,Alverca,CD Santa Clara
488404,Mateus Raniel,low_confidence,813463.0,Raniel,100.0,"name,club:UD Oliveirense",https://www.transfermarkt.com/raniel/profil/spieler/813463,UD Oliveirense,UD Oliveirense
488450,Nuno Alberto Macedo Pereira,low_confidence,597512.0,Nuno Macedo,105.0,"name,age±1,club:Académica",https://www.transfermarkt.com/nuno-macedo/profil/spieler/597512,Académica,Académica Coimbra
488480,Serginho,low_confidence,5819.0,Serginho,100.0,name,https://www.transfermarkt.com/serginho/profil/spieler/5819,Felgueiras 1932,Retired
488481,Armando Lopes,low_confidence,635396.0,Armando Lopes,100.0,name,https://www.transfermarkt.com/armando-lopes/profil/spieler/635396,Varzim,UD Oliveirense
488628,Leandro Fernandes Cardoso,low_confidence,367469.0,Leandro Cardoso,96.7,"name,age±1",https://www.transfermarkt.com/leandro-cardoso/profil/spieler/367469,Paredes,AC Vila Meã
488751,Raí Nascimento Oliveira,matched,483499.0,Raí Nascimento,171.7,"name,age±1,club:São João Ver",https://www.transfermarkt.com/rai-nascimento/profil/spieler/483499,São João Ver,SC São João de Ver
488953,Guilherme Soares,low_confidence,547946.0,Guilherme Soares,100.0,name,https://www.transfermarkt.com/guilherme-soares/profil/spieler/547946,Sporting Braga II,Retired
488956,Miguel Alexandre Barros Vilela,matched,657383.0,Miguel Vilela,155.0,"name,age±1,club:São João Ver",https://www.transfermarkt.com/miguel-vilela/profil/spieler/657383,São João Ver,SC São João de Ver
488957,David Pinto Veiga,matched,657431.0,David Veiga,121.7,"name,age±1,club:Paredes",https://www.transfermarkt.com/david-veiga/profil/spieler/657431,Paredes,USC Paredes
488959,Diogo Pereira Gonçalves,low_confidence,881466.0,Diogo Pereira,96.7,"name,age±1",https://www.transfermarkt.com/diogo-pereira/profil/spieler/881466,Vianense,SC Beira-Mar
488960,Eduardo Pires Vilas Boas Ribeiro,low_confidence,479640.0,Edu,30.0,"name,age±1",https://www.transfermarkt.com/edutm/profil/spieler/479640,Sporting Braga II,Desportivo Monção
488963,Eduardo Ferreira Soares,low_confidence,506175.0,Schürrle,30.0,"name,age±1",https://www.transfermarkt.com/schurrle/profil/spieler/506175,Sporting Braga II,Without Club
488965,Tiago João Carvalho Antunes,low_confidence,657432.0,Tiago Antunes,105.0,"name,age±1,club:Amarante",https://www.transfermarkt.com/tiago-antunes/profil/spieler/657432,Amarante,Amarante FC
489093,Pedro Mateus,low_confidence,606038.0,Pedro Mateus,100.0,name,https://www.transfermarkt.com/pedro-mateus/profil/spieler/606038,Sanjoanense,Karvan Yevlakh
489314,Rafael Santos da Silva,low_confidence,944459.0,Rafael,55.0,"name,age±1",https://www.transfermarkt.com/rafael/profil/spieler/944459,Lusitânia,Without Club
489332,Nathan,low_confidence,177476.0,Nathan Aké,50.0,name,https://www.transfermarkt.com/nathan-ake/profil/spieler/177476,Oliveira Hospital,Manchester City
489426,Elias Franco,low_confidence,938662.0,Elias Franco,100.0,name,https://www.transfermarkt.com/elias-franco/profil/spieler/938662,Atlético CP,CSKA 1948
490189,Gildo,low_confidence,1078248.0,Gildo Foda,50.0,name,https://www.transfermarkt.com/gildo-foda/profil/spieler/1078248,Felgueiras 1932,Retired
490936,Tiago Francisco Conceição Santos,low_confidence,831699.0,Tiago Santos,80.0,"name,age±1",https://www.transfermarkt.com/tiago-santos/profil/spieler/831699,1º Dezembro,CD Quintanar del Rey
490937,João Guilherme,low_confidence,27369.0,João Guilherme,100.0,name,https://www.transfermarkt.com/joao-guilherme/profil/spieler/27369,Real SC,Retired
491449,João Pedro Pereira Serrão,matched,448255.0,João Serrão,155.0,"name,age±1,club:São João Ver",https://www.transfermarkt.com/joao-serrao/profil/spieler/448255,São João Ver,SC São João de Ver
491549,Jair Matheus,low_confidence,933547.0,Jair Silva,58.3,"name,club:União de Leiria",https://www.transfermarkt.com/jair-silva/profil/spieler/933547,União de Leiria,UD Leiria
491713,Pedro Nuno de Sousa Covelinhas,low_confidence,567523.0,Pedro Nuno,95.0,"name,age±1,club:Varzim",https://www.transfermarkt.com/pedro-nuno/profil/spieler/567523,Varzim,Varzim SC
491716,Vasco Moreira,low_confidence,657429.0,Vasco Moreira,100.0,name,https://www.transfermarkt.com/vasco-moreira/profil/spieler/657429,Sporting Braga II,FC Alverca
491722,Eduardo Manuel Neves Aguiar,low_confidence,688701.0,Edu,55.0,"name,age±1,club:Amarante",https://www.transfermarkt.com/edutm/profil/spieler/688701,Amarante,Amarante FC
491723,Hugo Pinho,low_confidence,697712.0,Hugo Pinho,100.0,name,https://www.transfermarkt.com/hugo-pinho/profil/spieler/697712,Anadia,Without Club
493696,Josué Duverger,matched,490369.0,Josué Duverger,130.0,"name,age±1",https://www.transfermarkt.com/josue-duverger/profil/spieler/490369,Vitória Setúbal,FC Cosmos Koblenz
493886,Carlos Peixoto,low_confidence,537594.0,Carlos Peixoto,100.0,name,https://www.transfermarkt.com/carlos-peixoto/profil/spieler/537594,Anadia,Doxa Katokopias
493912,Hélder Bafode Baldé,low_confidence,486767.0,Hélder Baldé,96.7,"name,age±1",https://www.transfermarkt.com/helder-balde/profil/spieler/486767,Atlético CP,Without Club
494030,Filipe Ferreira Marques,matched,599197.0,Filipe Marques,121.7,"name,age±1,club:Amora",https://www.transfermarkt.com/filipe-marques/profil/spieler/599197,Amora,Amora FC
494107,Aldo Dino Pereira Semedo,low_confidence,604797.0,Dino Semedo,105.0,"name,age±1,club:Amora",https://www.transfermarkt.com/dino-semedo/profil/spieler/604797,Amora,Amora FC
494209,B. Ndezi,no_match,,,,,,,
494552,Pedro Martires Farrim,low_confidence,636774.0,Pedro Farrim,96.7,"name,age±1",https://www.transfermarkt.com/pedro-farrim/profil/spieler/636774,Real SC,Vitória Setúbal FC
494556,Gabi Pereira,low_confidence,567516.0,Gabi,100.0,"name,club:Felgueiras 1932",https://www.transfermarkt.com/gabi/profil/spieler/567516,Felgueiras 1932,FC Felgueiras 1932
494557,Tomás Händel,low_confidence,645588.0,Tomás Händel,100.0,name,https://www.transfermarkt.com/tomas-handel/profil/spieler/645588,Vitória Guimarães II,Red Star Belgrade
496659,S. Alexandropoulos,no_match,,,,,,,
498312,Filipe Lopes Garcia,matched,599977.0,Filipe Garcia,121.7,"name,age±1,club:Sporting Covilhã",https://www.transfermarkt.com/filipe-garcia/profil/spieler/599977,Sporting Covilhã,SC Covilhã
499153,João Silva,low_confidence,461903.0,João Silva,100.0,name,https://www.transfermarkt.com/joao-silva/profil/spieler/461903,Caldas,CD Tondela
499157,Nuno André Lapão Pinheiro,low_confidence,606728.0,Nuno André,80.0,"name,age±1",https://www.transfermarkt.com/nuno-andre/profil/spieler/606728,União Santarém,Associação Naval 1893
500257,Maranhão,low_confidence,642591.0,Maranhão,100.0,name,https://www.transfermarkt.com/maranhao/profil/spieler/642591,Sanjoanense,CD Tondela
500783,D. Furtado,no_match,,,,,,,
502397,Bernardo Soeiro Mendes Caldeira,low_confidence,586586.0,Bernardo Caldeira,80.0,"name,age±1",https://www.transfermarkt.com/bernardo-caldeira/profil/spieler/586586,Oliveira Hospital,Retired
504260,Welton,low_confidence,858213.0,Welton,100.0,name,https://www.transfermarkt.com/welton/profil/spieler/858213,Felgueiras 1932,Gamba Osaka
504799,Nuno Miguel Neto Moreira,low_confidence,608395.0,Nuno Moreira,80.0,"name,age±1",https://www.transfermarkt.com/nuno-moreira/profil/spieler/608395,Felgueiras 1932,AR São Martinho
505043,Carlos Neto,low_confidence,539200.0,Carlos Neto,100.0,name,https://www.transfermarkt.com/carlos-neto/profil/spieler/539200,Oliveira Hospital,Pattani FC
505510,Saná,low_confidence,23914.0,Lassana Diarra,0.0,name,https://www.transfermarkt.com/lassana-diarra/profil/spieler/23914,Anadia,Retired
505813,Kenneth Kalunga,matched,490347.0,Kenneth Kalunga,130.0,"name,age±1",https://www.transfermarkt.com/kenneth-kalunga/profil/spieler/490347,Vianense,Asta Mingachevir
507181,Gonçalo Pereira Chaves,matched,605091.0,Gonçalo Chaves,121.7,"name,age±1,club:Caldas",https://www.transfermarkt.com/goncalo-chaves/profil/spieler/605091,Caldas,Caldas SC
507182,Martim Maia,low_confidence,653427.0,Martim Maia,100.0,name,https://www.transfermarkt.com/martim-maia/profil/spieler/653427,Amora,Ethnikos Achnas
507183,André Santos Freitas,low_confidence,592957.0,André Freitas,96.7,"name,age±1",https://www.transfermarkt.com/andre-freitas/profil/spieler/592957,Oliveira Hospital,ACDR Lamelas
507538,William Salomão,no_match,,,,,,,
507754,Emanuel Oliveira Freitas,low_confidence,595637.0,Emanuel,63.3,"name,age±1",https://www.transfermarkt.com/emanuel/profil/spieler/595637,Canelas 2010,FC Serpa
508543,Francisco Saldanha de Morais,low_confidence,479634.0,Saldanha,80.0,"name,age±1,club:Trofense",https://www.transfermarkt.com/saldanha/profil/spieler/479634,Trofense,CD Trofense
508545,Benny Silva,low_confidence,479647.0,Benny,50.0,name,https://www.transfermarkt.com/benny/profil/spieler/479647,1º Dezembro,FA Siauliai
508554,Gonçalo André Alves Gomes,low_confidence,479650.0,Gonçalo Gomes,80.0,"name,age±1",https://www.transfermarkt.com/goncalo-gomes/profil/spieler/479650,Vitória Guimarães II,UD Tocha
508559,Rafael Reis Pereira,low_confidence,479645.0,Rafa Pereira,55.0,"name,age±1",https://www.transfermarkt.com/rafa-pereira/profil/spieler/479645,Vitória Guimarães II,RD Águeda
508563,Rodrigo Ribeiro Valente,matched,479646.0,Rodrigo Valente,171.7,"name,age±1,club:São João Ver",https://www.transfermarkt.com/rodrigo-valente/profil/spieler/479646,São João Ver,SC São João de Ver
509167,Leandro Aristides Dias Cortez,low_confidence,752595.0,Leandro Ari,50.0,"name,age±1",https://www.transfermarkt.com/leandro-ari/profil/spieler/752595,Montalegre,GD Lagoa
509610,Nélson da Luz,low_confidence,514304.0,Nélson da Luz,100.0,name,https://www.transfermarkt.com/nelson-da-luz/profil/spieler/514304,Vitória Guimarães II,Qingdao West Coast
509633,Wyner Daniel Rodriguez Rosero,no_match,,,,,,,
509635,Julián Andres Bonilla Tovar,low_confidence,592441.0,Julián Bonilla,80.0,"name,age±1",https://www.transfermarkt.com/julian-bonilla/profil/spieler/592441,Oliveira Hospital,Paju Frontier
509644,Rui Rampa,low_confidence,739254.0,Rui Rampa,100.0,name,https://www.transfermarkt.com/rui-rampa/profil/spieler/739254,Felgueiras 1932,Semen Padang FC
509647,André Filipe Pinto Fonseca,low_confidence,590282.0,Andrézinho,30.0,"name,age±1",https://www.transfermarkt.com/andrezinho/profil/spieler/590282,Paredes,CD Celoricense
510706,Rafael Viegas,low_confidence,598929.0,Rafael Viegas,100.0,name,https://www.transfermarkt.com/rafael-viegas/profil/spieler/598929,São João Ver,FC Imishli
510782,Camilo José Triana Fragoso,no_match,,,,,,,
511012,Jorginho,low_confidence,102017.0,Jorginho,100.0,name,https://www.transfermarkt.com/jorginho/profil/spieler/102017,Pevidém,CR Flamengo
511013,João André Cerdeira Lopes de Carvalho,low_confidence,893263.0,João André,63.3,"name,age±1",https://www.transfermarkt.com/joao-andre/profil/spieler/893263,Pevidém,AR São Martinho
511014,Bruno Carvalho,low_confidence,614516.0,Bruno Carvalho,100.0,name,https://www.transfermarkt.com/bruno-carvalho/profil/spieler/614516,Anadia,FC Metaloglobus Bucharest
511181,Xavi Fernandes,low_confidence,588097.0,Xavi,50.0,name,https://www.transfermarkt.com/xavi/profil/spieler/588097,CF Os Belenenses,NK Rudes
511361,Diogo Cardoso Santos,low_confidence,558064.0,Diogo Santos,96.7,"name,age±1",https://www.transfermarkt.com/diogo-santos/profil/spieler/558064,Vilaverdense,AC Vila Meã
511374,José Ricardo Pires Gomes,low_confidence,727847.0,Zé Ricardo,75.0,"name,age±1,club:Caldas",https://www.transfermarkt.com/ze-ricardo/profil/spieler/727847,Caldas,Caldas SC
511376,Rúben Filipe dos Santos Vieira de Sousa,low_confidence,511522.0,Rúben Gonçalves,67.5,"name,age±1,club:Fafe",https://www.transfermarkt.com/ruben-goncalves/profil/spieler/511522,Fafe,AD Fafe
511487,Alexandre Lopes Figueiredo,low_confidence,547757.0,Alex Figueiredo,55.0,"name,age±1",https://www.transfermarkt.com/alex-figueiredo/profil/spieler/547757,CF Os Belenenses,GDS Cascais
512112,João Costa Gomes,low_confidence,579762.0,João Gomes,96.7,"name,age±1",https://www.transfermarkt.com/joao-gomes/profil/spieler/579762,Cova da Piedade,GD Alcochetense
512118,Bruno Miguel Gonçalves Lopes,low_confidence,597423.0,Bruninho,105.0,"name,age±1,club:CF Os Belenenses",https://www.transfermarkt.com/bruninho/profil/spieler/597423,CF Os Belenenses,CF Os Belenenses
512139,Tiago Alexandre Gorgulho Baptista,matched,597208.0,Tiago Baptista,155.0,"name,age±1,club:Lusitano Évora 1911",https://www.transfermarkt.com/tiago-baptista/profil/spieler/597208,Lusitano Évora 1911,Associação Lusitano de Évora 1911
512148,David Alexandre Neves Serralheiro Silva,matched,591610.0,David Silva,120.0,"name,age±1,club:Atlético CP",https://www.transfermarkt.com/david-silva/profil/spieler/591610,Atlético CP,Atlético CP
512296,Nuno Filipe Ribeiro Teixeira,low_confidence,604673.0,Nuninho,55.0,"name,age±1,club:Trofense",https://www.transfermarkt.com/nuninho/profil/spieler/604673,Trofense,CD Trofense
512631,Infamara Camará,low_confidence,620225.0,Drogba Camará,63.3,"name,age±1",https://www.transfermarkt.com/drogba-camara/profil/spieler/620225,1º Dezembro,Clube Oriental Lissabon
512990,Francisco de Assis Teixeira da Costa Júnior,no_match,,,,,,,
513259,Diogo Teixeira,low_confidence,502661.0,Diogo Teixeira,100.0,name,https://www.transfermarkt.com/diogo-teixeira/profil/spieler/502661,Montalegre,FK Dubocica Leskovac
513503,Lucas Silva dos Santos,low_confidence,522065.0,Lucas Silva,80.0,"name,age±1",https://www.transfermarkt.com/lucas-silva/profil/spieler/522065,Amora,Without Club
513509,Nassur Namone  Udjon Pereira Silva Bacém,no_match,,,,,,,
513511,Tiago Miguel Rosado Palancha,matched,522666.0,Tiago Palancha,155.0,"name,age±1,club:Lusitano Évora 1911",https://www.transfermarkt.com/tiago-palancha/profil/spieler/522666,Lusitano Évora 1911,Associação Lusitano de Évora 1911
513989,David Teles,low_confidence,522668.0,David Teles,100.0,name,https://www.transfermarkt.com/david-teles/profil/spieler/522668,Anadia,Cherno More Varna
514648,José Carlos Moreira Varela,low_confidence,544794.0,José Varela,80.0,"name,age±1",https://www.transfermarkt.com/jose-varela/profil/spieler/544794,CF Os Belenenses,SU Sintrense
514649,Cláudio Tavares,low_confidence,453096.0,Cláudio Tavares,100.0,name,https://www.transfermarkt.com/claudio-tavares/profil/spieler/453096,Moncarapachense,Without Club
514654,Kenedy Silva Có,low_confidence,529534.0,Kenedy Có,96.7,"name,age±1",https://www.transfermarkt.com/kenedy-co/profil/spieler/529534,Canelas 2010,SC Vila Real
515301,Luís Miguel Lopes Melo,low_confidence,863609.0,Luís Melo,80.0,"name,age±1",https://www.transfermarkt.com/luis-melo/profil/spieler/863609,Pevidém,Without Club
515766,Élson Pereira Tavares,low_confidence,525234.0,Elsinho,30.0,"name,age±1",https://www.transfermarkt.com/elsinho/profil/spieler/525234,Amora,Without Club
516369,Rúben Alexandre Morgado Araújo,low_confidence,556661.0,Rúben Araújo,80.0,"name,age±1",https://www.transfermarkt.com/ruben-araujo/profil/spieler/556661,União Santarém,GD Alcochetense
516771,Alexandre Augusto Fernandes Valente Sousa,low_confidence,639381.0,Alex Sousa,96.7,"name,age±1,club:1º Dezembro",https://www.transfermarkt.com/alex-sousa/profil/spieler/639381,1º Dezembro,SU 1º Dezembro
516772,Kikas,low_confidence,383807.0,Kikas,100.0,name,https://www.transfermarkt.com/kikas/profil/spieler/383807,União de Leiria,KAS Eupen
517421,Gonçalo Agrelos,low_confidence,380521.0,Gonçalo Agrelos,100.0,name,https://www.transfermarkt.com/goncalo-agrelos/profil/spieler/380521,Pêro Pinheiro,St. George City FA
517422,Miguel Tavares,low_confidence,544792.0,Miguel Tavares,100.0,name,https://www.transfermarkt.com/miguel-tavares/profil/spieler/544792,CF Os Belenenses,FC Vizela
517622,Rhuan,low_confidence,371258.0,Rhuan,100.0,name,https://www.transfermarkt.com/rhuan/profil/spieler/371258,Fontinhas,AA Portuguesa
518083,Leandro Marcelo Sousa Teixeira,low_confidence,517779.0,Leandro Teixeira,105.0,"name,age±1,club:Fafe",https://www.transfermarkt.com/leandro-teixeira/profil/spieler/517779,Fafe,AD Fafe
518089,Frederico Namora,low_confidence,517704.0,Frederico Namora,100.0,name,https://www.transfermarkt.com/frederico-namora/profil/spieler/517704,Felgueiras 1932,UD Oliveirense
518090,Hidélvis Alves Jardim,low_confidence,524407.0,Hidélvis Jardim,96.7,"name,age±1",https://www.transfermarkt.com/hidelvis-jardim/profil/spieler/524407,Oliveira Hospital,Without Club
518091,Manuel Maria Melo Machado Cerejeira Namora,no_match,,,,,,,
518307,Youcef Bechou,matched,508859.0,Youcef Bechou,130.0,"name,age±1",https://www.transfermarkt.com/youcef-bechou/profil/spieler/508859,São João Ver,USM El Harrach
518466,Apolo Filipe Monteiro da Silva,low_confidence,552510.0,Apolo Silva,70.0,"name,age±1",https://www.transfermarkt.com/apolo-silva/profil/spieler/552510,Fafe,FC Tirsense
518633,Maga,low_confidence,435338.0,Gabriel,0.0,name,https://www.transfermarkt.com/gabriel/profil/spieler/435338,Vitória Guimarães II,Arsenal FC
518864,Malaine Camará,matched,683024.0,Malaine Camará,130.0,"name,age±1",https://www.transfermarkt.com/malaine-camara/profil/spieler/683024,Amora,SV Gmunden
518872,Diogo Rego Abdul,low_confidence,514221.0,Diogo Abdul,96.7,"name,age±1",https://www.transfermarkt.com/diogo-abdul/profil/spieler/514221,Oliveira Hospital,SC Beira-Mar
520210,Nicolas Basile Tié,low_confidence,525962.0,Nicolas Tié,96.7,"name,age±1",https://www.transfermarkt.com/nicolas-tie/profil/spieler/525962,Vitória Guimarães II,Retired
521811,Duarte Urtigueira Gouveia Beirao Valente,low_confidence,529731.0,Duarte Valente,70.0,"name,age±1",https://www.transfermarkt.com/duarte-valente/profil/spieler/529731,CF Os Belenenses,Retired
523362,Bruno Funicelli Gonzalez Pelegrini,low_confidence,657434.0,Bruno Pelegrini,80.0,"name,age±1",https://www.transfermarkt.com/bruno-pelegrini/profil/spieler/657434,Anadia,AA Portuguesa (SP)
523968,Marco António Fernandes,low_confidence,719213.0,Marco Fernandes,96.7,"name,age±1",https://www.transfermarkt.com/marco-fernandes/profil/spieler/719213,Oliveira Hospital,Florgrade FC
524873,Pedro Fontainhas Prazeres,low_confidence,617680.0,Pedro Prazeres,96.7,"name,age±1",https://www.transfermarkt.com/pedro-prazeres/profil/spieler/617680,Vianense,SC Salgueiros
525027,Alexandre Miguel Guerra Verdade,low_confidence,545062.0,Alexandre Verdade,80.0,"name,age±1",https://www.transfermarkt.com/alexandre-verdade/profil/spieler/545062,Oliveira Hospital,Mortágua FC
525162,A. Tavares,no_match,,,,,,,
525222,André Filipe Frota Gomes,low_confidence,596415.0,André Gomes,80.0,"name,age±1",https://www.transfermarkt.com/andre-gomes/profil/spieler/596415,Amora,Vitória Setúbal FC
526525,Jude Michael  Burst,no_match,,,,,,,
527416,Renato Soares,low_confidence,740373.0,Renato Soares,100.0,name,https://www.transfermarkt.com/renato-soares/profil/spieler/740373,Lusitania FC Lourosa,Sociedade Esportiva do Gama (DF)
527625,Vilmar,low_confidence,814.0,Vilmar,100.0,name,https://www.transfermarkt.com/vilmar/profil/spieler/814,Fontinhas,Retired
527680,Pedro Matos,low_confidence,485575.0,Pedro Matos,100.0,name,https://www.transfermarkt.com/pedro-matos/profil/spieler/485575,Sanjoanense,Persekat Tegal
528113,Guilherme Cioletti,matched,569352.0,Guilherme Cioletti,125.0,"name,club:Lusitania FC Lourosa",https://www.transfermarkt.com/guilherme-cioletti/profil/spieler/569352,Lusitania FC Lourosa,Floriana FC
530432,Sibusiso Shibane,matched,533540.0,Sibusiso Shibane,130.0,"name,age±1",https://www.transfermarkt.com/sibusiso-shibane/profil/spieler/533540,Oliveira Hospital,CD Rabo de Peixe
530480,Rafa Pinto,low_confidence,403332.0,Rafa Pinto,100.0,name,https://www.transfermarkt.com/rafa-pinto/profil/spieler/403332,Caldas,FC Differdange 03
532414,Luís Carlos Ventura Pinheiro,low_confidence,375374.0,Luís Pinheiro,80.0,"name,age±1",https://www.transfermarkt.com/luis-pinheiro/profil/spieler/375374,Oliveira Hospital,Retired
532416,Gonçalo Loureiro,low_confidence,375371.0,Gonçalo Loureiro,100.0,name,https://www.transfermarkt.com/goncalo-loureiro/profil/spieler/375371,Sporting Covilhã,Spartakos Kitiou
532637,João Goulart,low_confidence,537477.0,João Goulart,100.0,name,https://www.transfermarkt.com/joao-goulart/profil/spieler/537477,Sporting CP II,Casa Pia AC
532768,Vasco Mendes Paciência,matched,537601.0,Vasco Paciência,121.7,"name,age±1,club:Trofense",https://www.transfermarkt.com/vasco-paciencia/profil/spieler/537601,Trofense,CD Trofense
532817,Luis Vacas,low_confidence,523978.0,Luis Vacas,100.0,name,https://www.transfermarkt.com/luis-vacas/profil/spieler/523978,Amora,AD Alcorcón
532916,Pedro Martelo,low_confidence,410322.0,Pedro Martelo,100.0,name,https://www.transfermarkt.com/pedro-martelo/profil/spieler/410322,CF Os Belenenses,UD Oliveirense
534251,Á. Vega,no_match,,,,,,,
536062,Tiago Manuel Maio Matos,matched,479644.0,Tiago Matos,155.0,"name,age±1,club:AD Marco 09",https://www.transfermarkt.com/tiago-matos/profil/spieler/479644,AD Marco 09,AD Marco 09
536149,Elliot Gómez López,matched,523995.0,Elliot Gómez,121.7,"name,age±1,club:Sanjoanense",https://www.transfermarkt.com/elliot-gomez/profil/spieler/523995,Sanjoanense,AD Sanjoanense
536574,Bavikson Fonciano Barradas Biai,low_confidence,375379.0,Bavikson Biai,80.0,"name,age±1",https://www.transfermarkt.com/bavikson-biai/profil/spieler/375379,Lusitânia,AD Ovarense
536577,Rodrigo Francisco Pinto Vieira Fernandes,low_confidence,489212.0,Rodrigo Fernandes,70.0,"name,age±1",https://www.transfermarkt.com/rodrigo-fernandes/profil/spieler/489212,Sporting CP II,FC Shamakhi
536579,Diogo Brás,low_confidence,375361.0,Diogo Brás,100.0,name,https://www.transfermarkt.com/diogo-bras/profil/spieler/375361,União Santarém,Sogndal IL
536580,Babacar Fati,low_confidence,499990.0,Babacar Fati,100.0,name,https://www.transfermarkt.com/babacar-fati/profil/spieler/499990,Sporting CP II,Livingston FC
539546,Ruben Correia,matched,500770.0,Ruben Correia,130.0,"name,age±1",https://www.transfermarkt.com/ruben-correia/profil/spieler/500770,Fafe,Without Club
540176,D. Pecile,no_match,,,,,,,
540805,Tomás Costa Branco Novais Oliveira,low_confidence,641469.0,Tomás Oliveira,95.0,"name,age±1,club:Sporting Covilhã",https://www.transfermarkt.com/tomas-oliveira/profil/spieler/641469,Sporting Covilhã,SC Covilhã
540917,Brian Miguel,matched,545634.0,Brian Miguel,130.0,"name,age±1",https://www.transfermarkt.com/brian-miguel/profil/spieler/545634,Oliveira Hospital,Without Club
541596,Eric Ayiah,matched,543503.0,Eric Ayiah,130.0,"name,age±1",https://www.transfermarkt.com/eric-ayiah/profil/spieler/543503,Varzim,UD Santarém
541607,Mohammed Iddriss,low_confidence,1184646.0,Mohammed Iddriss,110.0,"name,age±3",https://www.transfermarkt.com/mohammed-iddriss/profil/spieler/1184646,Felgueiras 1932,Real Tamale United
544871,E. Gjini,no_match,,,,,,,
545773,Bruno Miguel Araújo Morais,matched,523529.0,Bruno Morais,155.0,"name,age±1,club:São João Ver",https://www.transfermarkt.com/bruno-morais/profil/spieler/523529,São João Ver,SC São João de Ver
547793,José Marcelo Ferreira Marques,low_confidence,606067.0,Marcelo Marques,80.0,"name,age±1",https://www.transfermarkt.com/marcelo-marques/profil/spieler/606067,Anadia,CD Nacional B
549986,João Miguel Ferreira Rodrigues,low_confidence,329393.0,Tarzan,55.0,"name,age±1,club:Caldas",https://www.transfermarkt.com/tarzan/profil/spieler/329393,Caldas,Caldas SC
551015,Michel,low_confidence,117613.0,Míchel,100.0,name,https://www.transfermarkt.com/michel/profil/spieler/117613,UD Oliveirense,Retired
551590,Derick Fernando da Silva,low_confidence,574764.0,Derick,80.0,"name,age±1,club:Varzim",https://www.transfermarkt.com/derick/profil/spieler/574764,Varzim,Varzim SC
551591,Alysson,low_confidence,1005583.0,Alysson,100.0,name,https://www.transfermarkt.com/alysson/profil/spieler/1005583,Alverca,Aston Villa
551595,Hiago Bagarolo Petronilho,low_confidence,574767.0,Hiago,63.3,"name,age±1",https://www.transfermarkt.com/hiago/profil/spieler/574767,Vilaverdense,Botafogo FC
551765,Ivan,low_confidence,32467.0,Ivan Rakitic,50.0,name,https://www.transfermarkt.com/ivan-rakitic/profil/spieler/32467,Varzim,Retired
552378,Khalid Hachadi,matched,541402.0,Khalid Hachadi,155.0,"name,age±1,club:Trofense",https://www.transfermarkt.com/khalid-hachadi/profil/spieler/541402,Trofense,CD Trofense
553277,Guilherme Oliveira,low_confidence,257369.0,Guilherme Oliveira,100.0,name,https://www.transfermarkt.com/guilherme-oliveira/profil/spieler/257369,Fafe,CF Os Belenenses
554918,Gonçalo Filipe Carmo Teixeira,low_confidence,591354.0,Gonçalo Teixeira,80.0,"name,age±1",https://www.transfermarkt.com/goncalo-teixeira/profil/spieler/591354,Varzim,UD Santarém
555563,Francisco Amorim Almeida,low_confidence,600297.0,Chicão,55.0,"name,age±1,club:Varzim",https://www.transfermarkt.com/chicao/profil/spieler/600297,Varzim,Varzim SC
555578,Pedro Casagrande,no_match,,,,,,,
555637,Caio Lopes,low_confidence,468314.0,Caio Lopes,100.0,name,https://www.transfermarkt.com/caio-lopes/profil/spieler/468314,Felgueiras 1932,Beroe Stara Zagora
555822,Vinícius Alves,low_confidence,1472602.0,Vinicius,50.0,name,https://www.transfermarkt.com/vinicius/profil/spieler/1472602,Sanjoanense,Retired
555862,Pedro Venaque,low_confidence,648022.0,Venaque,50.0,name,https://www.transfermarkt.com/venaque/profil/spieler/648022,Alverca,Without Club
556326,Nhayson,low_confidence,1003456.0,Nhayson,100.0,name,https://www.transfermarkt.com/nhayson/profil/spieler/1003456,Caldas,Tarxien Rainbows
556473,Talison,matched,1232350.0,Talison,125.0,"name,club:Atlético CP",https://www.transfermarkt.com/talison/profil/spieler/1232350,Atlético CP,Clube Recreativo e Atlético Catalano (GO)
557053,Miguel Ribeiro Vinagre,low_confidence,842351.0,Miguel Vinagre,96.7,"name,age±1",https://www.transfermarkt.com/miguel-vinagre/profil/spieler/842351,Trofense,Retired
557060,Tomás Ricardo Forte Paes Martins,low_confidence,615432.0,Tommi,30.0,"name,age±1",https://www.transfermarkt.com/tommi/profil/spieler/615432,Atlético CP,GD Samora Correia
557334,Erik Santana Da Silva,low_confidence,599219.0,Erik,80.0,"name,age±1,club:Paredes",https://www.transfermarkt.com/erik/profil/spieler/599219,Paredes,USC Paredes
557834,Kiko,low_confidence,934031.0,Kiko,100.0,name,https://www.transfermarkt.com/kiko/profil/spieler/934031,Montalegre,Moreirense FC
557838,E. Banguera,no_match,,,,,,,
557972,Danny,low_confidence,14119.0,Danny,100.0,name,https://www.transfermarkt.com/danny/profil/spieler/14119,São João Ver,Retired
558046,Luiz Gustavo,low_confidence,10471.0,Luiz Gustavo,100.0,name,https://www.transfermarkt.com/luiz-gustavo/profil/spieler/10471,Sanjoanense,Club Athletico Paranaense
558107,Samuel Toscas,low_confidence,753319.0,Samuel Toscas,100.0,name,https://www.transfermarkt.com/samuel-toscas/profil/spieler/753319,Oliveira Hospital,Al-Riffa SC
558706,José Pedro Neves Gata,low_confidence,549024.0,Zé Gata,75.0,"name,age±1,club:Caldas",https://www.transfermarkt.com/ze-gata/profil/spieler/549024,Caldas,Caldas SC
558950,Matheus Índio,low_confidence,288498.0,Matheus Índio,100.0,name,https://www.transfermarkt.com/matheus-indio/profil/spieler/288498,Vitória Guimarães II,Without Club
559462,Tokinho,matched,1062260.0,Tokinho Dória,125.0,"name,club:Lusitania FC Lourosa",https://www.transfermarkt.com/tokinho-doria/profil/spieler/1062260,Lusitania FC Lourosa,Lusitânia FC Lourosa
559485,Carlos Andrés Tovar Gómez,low_confidence,593567.0,Carlos Tovar,80.0,"name,age±1",https://www.transfermarkt.com/carlos-tovar/profil/spieler/593567,Varzim,AD Machico
559923,Richard Caimmy Marcondes dos Santos,low_confidence,607035.0,Richard,50.0,"name,age±1",https://www.transfermarkt.com/richard/profil/spieler/607035,Fafe,Leça FC
560328,Gonçalo Matos Monteiro,low_confidence,737970.0,Gonçalo Monteiro,96.7,"name,age±1",https://www.transfermarkt.com/goncalo-monteiro/profil/spieler/737970,Canelas 2010,CF União Lamas
560331,Francisco Maria Pereira da Costa Oliveira,no_match,,,,,,,
560333,Celso Daniel Caeiro Raposo,low_confidence,597603.0,Celso Raposo,105.0,"name,age±1,club:Mafra",https://www.transfermarkt.com/celso-raposo/profil/spieler/597603,Mafra,CD Mafra
560575,Yohan Miranda,low_confidence,652114.0,Yohan Miranda,100.0,name,https://www.transfermarkt.com/yohan-miranda/profil/spieler/652114,Fafe,Agremiação Sportiva Arapiraquense (AL)
560738,Nico,low_confidence,948294.0,Nico Paz,50.0,name,https://www.transfermarkt.com/nico-paz/profil/spieler/948294,Oriental Dragon,Como 1907
561546,Jorge Edgar Ferreira,low_confidence,744898.0,Jorge Ferreira,96.7,"name,age±1",https://www.transfermarkt.com/jorge-ferreira/profil/spieler/744898,Amora,FC Etzella Ettelbrück II
563244,Bruno Dos Santos Amado,low_confidence,559864.0,Bruno Amado,80.0,"name,age±1",https://www.transfermarkt.com/bruno-amado/profil/spieler/559864,Oliveira Hospital,Real SC
563670,Tomás Martins Bozinoski,no_match,,,,,,,
563711,Trayvon Fuller,low_confidence,572425.0,Tray Fuller,63.3,"name,age±1",https://www.transfermarkt.com/tray-fuller/profil/spieler/572425,União Santarém,FC Dila Gori
564119,Ricardo Benjamim Costa Silva,matched,478345.0,Ricardo Benjamim,155.0,"name,age±1,club:São João Ver",https://www.transfermarkt.com/ricardo-benjamim/profil/spieler/478345,São João Ver,SC São João de Ver
564500,Aramis Nabil Kouzine,low_confidence,562478.0,Aramis Kouzine,96.7,"name,age±1",https://www.transfermarkt.com/aramis-kouzine/profil/spieler/562478,Vianense,Without Club
564861,Guilherme Fernandes,low_confidence,567504.0,Guilherme Fernandes,100.0,name,https://www.transfermarkt.com/guilherme-fernandes/profil/spieler/567504,Amora,Real Valladolid CF
564862,Hevertton,low_confidence,695121.0,Hevertton,100.0,name,https://www.transfermarkt.com/hevertton/profil/spieler/695121,Sporting CP II,Gil Vicente FC
564863,Rodrigo Pedrosa Rêgo,matched,504078.0,Rodrigo Rêgo,121.7,"name,age±1,club:Varzim",https://www.transfermarkt.com/rodrigo-rego/profil/spieler/504078,Varzim,Varzim SC
564869,Daniel Oliveira Rodrigues,matched,504088.0,Daniel Rodrigues,121.7,"name,age±1,club:Amarante",https://www.transfermarkt.com/daniel-rodrigues/profil/spieler/504088,Amarante,Amarante FC
564898,Diogo Miguel Faria Ferreira,matched,637900.0,Diogo Ferreira,130.0,"name,age±1,club:1º Dezembro",https://www.transfermarkt.com/diogo-ferreira/profil/spieler/637900,1º Dezembro,SU 1º Dezembro
566661,Yago Cariello,low_confidence,939763.0,Yago Cariello,100.0,name,https://www.transfermarkt.com/yago-cariello/profil/spieler/939763,União Santarém,Ulsan HD FC
566905,Sandro Benjamim Cabral Conceição,low_confidence,639372.0,Sandro Cabral,80.0,"name,age±1",https://www.transfermarkt.com/sandro-cabral/profil/spieler/639372,Cova da Piedade,STU Bobcats (St. Thomas University)
567008,Diogo Almeida,low_confidence,514240.0,Diogo Almeida,100.0,name,https://www.transfermarkt.com/diogo-almeida/profil/spieler/514240,1º Dezembro,FC Imishli
572926,E. Pizzuto,no_match,,,,,,,
574576,Fábio Bruno Costa Matos,low_confidence,588296.0,Fábio Matos,105.0,"name,age±1,club:Paredes",https://www.transfermarkt.com/fabio-matos/profil/spieler/588296,Paredes,USC Paredes
575353,Domingos Andrade,low_confidence,666541.0,Domingos Andrade,100.0,name,https://www.transfermarkt.com/domingos-andrade/profil/spieler/666541,Felgueiras 1932,FC Porto B
575377,David Muale Nzanza,low_confidence,666513.0,Nzanza,63.3,"name,age±1",https://www.transfermarkt.com/nzanza/profil/spieler/666513,Sporting Braga II,Leça FC
576301,J. van der Gaag,no_match,,,,,,,
576654,Bruninho,low_confidence,1500420.0,Bruninho,100.0,name,https://www.transfermarkt.com/bruninho/profil/spieler/1500420,Sporting Covilhã,Club Athletico Paranaense
576660,Tomás Azevedo,low_confidence,555704.0,Azi,0.0,name,https://www.transfermarkt.com/azitm/profil/spieler/555704,Lusitânia,Montana
576803,Califo Baldé,low_confidence,519747.0,Califo Baldé,100.0,name,https://www.transfermarkt.com/califo-balde/profil/spieler/519747,Amora,ZFC Meuselwitz
576809,Ismael Costa Lekbab,low_confidence,383015.0,Ismael Lekbab,96.7,"name,age±1",https://www.transfermarkt.com/ismael-lekbab/profil/spieler/383015,Vianense,AD Limianos
579591,Afonso Miguel Rosa Calvinho,low_confidence,848018.0,Afonso Calvinho,80.0,"name,age±1",https://www.transfermarkt.com/afonso-calvinho/profil/spieler/848018,Moncarapachense,FC Ferreiras
579598,Manuel Pami Costa,low_confidence,461941.0,Manuel Pami,96.7,"name,age±1",https://www.transfermarkt.com/manuel-pami/profil/spieler/461941,Canelas 2010,FC Rustavi
579617,Luís Pedro Martins Gaio,low_confidence,602952.0,Pedro Gaio,80.0,"name,age±1",https://www.transfermarkt.com/pedro-gaio/profil/spieler/602952,1º Dezembro,Without Club
579618,Ricardo Isabelinha Dâmaso,low_confidence,602953.0,Isabelinha,113.3,"name,age±1,club:1º Dezembro",https://www.transfermarkt.com/isabelinha/profil/spieler/602953,1º Dezembro,SU 1º Dezembro
579628,Luís Pedro dos Santos Simão,low_confidence,617139.0,Luís Simão,70.0,"name,age±1",https://www.transfermarkt.com/luis-simao/profil/spieler/617139,Canelas 2010,Vilaverdense FC
579638,Simão Gustavo Castro Tomé Fernandes,low_confidence,632740.0,Simão,50.0,"name,age±1",https://www.transfermarkt.com/simao/profil/spieler/632740,Felgueiras 1932,CF Os Marialvas
579642,Nuno Miguel Couto Moreira,low_confidence,551026.0,Nuno Moreira,105.0,"name,age±1,club:Paredes",https://www.transfermarkt.com/nuno-moreira/profil/spieler/551026,Paredes,USC Paredes
579643,Emanuel Jesus Brito,no_match,,,,,,,
579649,Henrique José Lobo Santos,low_confidence,551027.0,Henrique,55.0,"name,age±1",https://www.transfermarkt.com/henrique/profil/spieler/551027,Paredes,Without Club
580064,Gustavo Fernandes,low_confidence,751222.0,Gustavo Fernandes,100.0,name,https://www.transfermarkt.com/gustavo-fernandes/profil/spieler/751222,Sanjoanense,South Georgia Tormenta FC
580730,Alyson Motta,low_confidence,833152.0,Alyson Motta,100.0,name,https://www.transfermarkt.com/alyson-motta/profil/spieler/833152,União Santarém,CEFAT Tirol
580979,Diogo Filipe Eusébio Paulo,matched,647131.0,Diogo Paulo,155.0,"name,age±1,club:CF Os Belenenses",https://www.transfermarkt.com/diogo-paulo/profil/spieler/647131,CF Os Belenenses,CF Os Belenenses
580988,Jorge Pedro Corte Real Samblano Monteiro,low_confidence,383018.0,Joca,30.0,"name,age±1",https://www.transfermarkt.com/joca/profil/spieler/383018,Lusitânia,GD Alcochetense
580992,Rodrigo Miguel Santos Monteiro,matched,676530.0,Rodrigo Monteiro,155.0,"name,age±1,club:Lusitano Évora 1911",https://www.transfermarkt.com/rodrigo-monteiro/profil/spieler/676530,Lusitano Évora 1911,Associação Lusitano de Évora 1911
581422,Kiko Vilas Boas,low_confidence,952730.0,Kiko,33.3,name,https://www.transfermarkt.com/kiko/profil/spieler/952730,Sanjoanense,GD Chaves
581426,José Alberto Lopez Soto,low_confidence,600111.0,Beto López,50.0,"name,age±1",https://www.transfermarkt.com/beto-lopez/profil/spieler/600111,Montalegre,CD Celoricense
581445,Michel Camargos,low_confidence,975370.0,Michel,50.0,name,https://www.transfermarkt.com/michel/profil/spieler/975370,Oliveira Hospital,Esporte Clube São José (RS)
581457,Abdoul Gaimal Faissal Zangré,low_confidence,640492.0,Faissal Zangré,105.0,"name,age±1,club:Amarante",https://www.transfermarkt.com/faissal-zangre/profil/spieler/640492,Amarante,Amarante FC
581665,Ismaël Kanda,matched,707248.0,Ismael Kanda,130.0,"name,age±1",https://www.transfermarkt.com/ismael-kanda/profil/spieler/707248,Vitória Setúbal,Without Club
581766,Russell Sandio Fomba,no_match,,,,,,,
581806,Carlos Manuel Amaral Madureira,low_confidence,620236.0,Carlos Madureira,80.0,"name,age±1",https://www.transfermarkt.com/carlos-madureira/profil/spieler/620236,Trofense,SC Beira-Mar
581848,Marcos Daniel Barros Silva,no_match,,,,,,,
581897,Gonçalo Lixa,low_confidence,851516.0,Gonçalo Lixa,100.0,name,https://www.transfermarkt.com/goncalo-lixa/profil/spieler/851516,Canelas 2010,UE Santa Coloma
582258,João Araújo,low_confidence,1093907.0,João Araújo,100.0,name,https://www.transfermarkt.com/joao-araujo/profil/spieler/1093907,1º Dezembro,FC Dila Gori
582661,Ricardo Apolinário,low_confidence,646934.0,Ricardo Apolinário,100.0,name,https://www.transfermarkt.com/ricardo-apolinario/profil/spieler/646934,União Santarém,FC Shamakhi
582679,Rafael Marques Castanheira,low_confidence,717061.0,Rafa Castanheira,55.0,"name,age±1",https://www.transfermarkt.com/rafa-castanheira/profil/spieler/717061,Alverca,Retired
582804,Z. Ouattara,no_match,,,,,,,
583461,João Luís Valente Correia,low_confidence,669955.0,João Correia,80.0,"name,age±1",https://www.transfermarkt.com/joao-correia/profil/spieler/669955,Moncarapachense,Without Club
584133,Dani Silva,low_confidence,372445.0,Dani Silva,100.0,name,https://www.transfermarkt.com/dani-silva/profil/spieler/372445,Vitória Guimarães II,Pafos FC
584518,José Marsà,low_confidence,563139.0,José Marsà,100.0,name,https://www.transfermarkt.com/jose-marsa/profil/spieler/563139,Sporting CP II,KV Mechelen
584558,A. Torres,no_match,,,,,,,
584562,Duarte Moreira,low_confidence,500640.0,Duarte Moreira,100.0,name,https://www.transfermarkt.com/duarte-moreira/profil/spieler/500640,Pevidém,Bryne FK
584672,A. Ba-Sy,no_match,,,,,,,
584806,Iuri Tavares,low_confidence,549016.0,Iuri Tavares,100.0,name,https://www.transfermarkt.com/iuri-tavares/profil/spieler/549016,Vitória Guimarães II,NK Varazdin
585314,Rhyan Paradela de Souza E Silva,no_match,,,,,,,
585316,Delcio Ferreira Fernandes,low_confidence,1018156.0,Délcio,113.3,"name,age±1,club:Atlético CP",https://www.transfermarkt.com/delcio/profil/spieler/1018156,Atlético CP,Atlético CP
585337,Vanilson,low_confidence,1359781.0,Vanílson,100.0,name,https://www.transfermarkt.com/vanilson/profil/spieler/1359781,Amora,Retired
585524,Claudio Mendes,matched,1043002.0,Cláudio Mendes,155.0,"name,age±1,club:Anadia",https://www.transfermarkt.com/claudio-mendes/profil/spieler/1043002,Anadia,Anadia FC
585533,Vando Félix,low_confidence,830452.0,Vando Félix,100.0,name,https://www.transfermarkt.com/vando-felix/profil/spieler/830452,Sporting CP II,FK Vojvodina Novi Sad
585571,Oluwatimilehin Lawrence Adeniyi,low_confidence,718341.0,Lawrence,88.3,"name,age±1,club:Amarante",https://www.transfermarkt.com/lawrence/profil/spieler/718341,Amarante,Amarante FC
585735,Valter Lopes de Souza Zacarias,no_match,,,,,,,
585736,Aldair,low_confidence,4151.0,Aldair,100.0,name,https://www.transfermarkt.com/aldair/profil/spieler/4151,Sanjoanense,Retired
585769,Diogo Dias Ressurreição,no_match,,,,,,,
588868,Gonçalo João Marques Santos Batalha,low_confidence,551982.0,Gonçalo Batalha,70.0,"name,age±1",https://www.transfermarkt.com/goncalo-batalha/profil/spieler/551982,Amora,AC Marinhense
589020,João Daniel Cruz Seabra Santos,low_confidence,549017.0,João Daniel,95.0,"name,age±1,club:Trofense",https://www.transfermarkt.com/joao-daniel/profil/spieler/549017,Trofense,CD Trofense
590342,L. Horníček,no_match,,,,,,,
590691,Lucas Correia,matched,358162.0,Lucas Correia,130.0,"name,age±1",https://www.transfermarkt.com/lucas-correia/profil/spieler/358162,Sanjoanense,Royal Excelsior Virton
591616,Shaqkeem Joseph,matched,628772.0,Shaqkeem Joseph,130.0,"name,age±1",https://www.transfermarkt.com/shaqkeem-joseph/profil/spieler/628772,Fafe,PVF-CAND Youth FC
592362,Pedro Miguel,low_confidence,9811.0,Pedro Mendes,33.3,name,https://www.transfermarkt.com/pedro-mendes/profil/spieler/9811,Montalegre,Retired
593057,Diogo Guilhermino Babo Figueiredo,low_confidence,712379.0,Didi,105.0,"name,age±1,club:São João Ver",https://www.transfermarkt.com/didi/profil/spieler/712379,São João Ver,SC São João de Ver
593060,Gabriel Freitas de Oliveira,low_confidence,697708.0,Gabi,30.0,"name,age±1",https://www.transfermarkt.com/gabi/profil/spieler/697708,Sanjoanense,Retired
593064,Leandro Alves,low_confidence,710860.0,Leandro Alves,100.0,name,https://www.transfermarkt.com/leandro-alves/profil/spieler/710860,União Santarém,Athletic Club
593076,Mohammed Lamine,matched,575887.0,Mohammed Lamine,130.0,"name,age±1",https://www.transfermarkt.com/mohammed-lamine/profil/spieler/575887,UD Oliveirense,Atletico Suzuka Club
593077,Ivanilson Joaquim Monteiro Magalhães,low_confidence,534062.0,Ivanilson,55.0,"name,age±1",https://www.transfermarkt.com/ivanilson/profil/spieler/534062,Canelas 2010,GD Samora Correia
593079,Gabriel Fornari,low_confidence,674488.0,Gabriel Fornari,100.0,name,https://www.transfermarkt.com/gabriel-fornari/profil/spieler/674488,Oliveira Hospital,Camboriú FC
593091,Ricardo Miguel Nóbrega Marques,low_confidence,670687.0,Ricardo Nóbrega,80.0,"name,age±1",https://www.transfermarkt.com/ricardo-nobrega/profil/spieler/670687,Anadia,SU 1º Dezembro
593094,Pedro Rafael Lourenço Costa,low_confidence,671651.0,Pedro Costa,105.0,"name,age±1,club:Varzim",https://www.transfermarkt.com/pedro-costa/profil/spieler/671651,Varzim,Varzim SC
593095,Leonardo Oliveira Teixeira Ferreira,low_confidence,555702.0,Léo Ferreira,50.0,"name,age±1",https://www.transfermarkt.com/leo-ferreira/profil/spieler/555702,Vitória Setúbal,Associação Naval 1893
593097,Bruno Rodrigues,low_confidence,406766.0,Bruno Rodrigues,100.0,name,https://www.transfermarkt.com/bruno-rodrigues/profil/spieler/406766,Sporting Braga II,Cruzeiro Esporte Clube
593103,Álvaro Djaló,low_confidence,671649.0,Álvaro Djaló,100.0,name,https://www.transfermarkt.com/alvaro-djalo/profil/spieler/671649,Sporting Braga II,Al-Gharafa SC
593106,Vitinha,low_confidence,487469.0,Vitinha,100.0,name,https://www.transfermarkt.com/vitinha/profil/spieler/487469,Sporting Braga II,Paris Saint-Germain
593183,Bruno Miguel Pereira,low_confidence,702443.0,Bruno Miguel,96.7,"name,age±1",https://www.transfermarkt.com/bruno-miguel/profil/spieler/702443,São João Ver,RD Águeda
593190,João Valido,low_confidence,532900.0,João Valido,100.0,name,https://www.transfermarkt.com/joao-valido/profil/spieler/532900,Vitória Setúbal,FC Arouca
593194,João Paulo da Silva Tomaz,low_confidence,671803.0,João Tomaz,70.0,"name,age±1",https://www.transfermarkt.com/joao-tomaz/profil/spieler/671803,Vitória Guimarães II,União Montemor
593197,H. Sylla,no_match,,,,,,,
593200,Marcelo Machado Vilela,low_confidence,600870.0,Marcelo Machado,96.7,"name,age±1",https://www.transfermarkt.com/marcelo-machado/profil/spieler/600870,Anadia,FC Oliveira do Hospital
593201,Leonardo Chão,low_confidence,648021.0,Leonardo Chão,100.0,name,https://www.transfermarkt.com/leonardo-chao/profil/spieler/648021,União Santarém,Vitória Setúbal FC
593206,Théo Luis  Fonseca,no_match,,,,,,,
593209,Tiago Leite,low_confidence,696507.0,Tiago Leite,100.0,name,https://www.transfermarkt.com/tiago-leite/profil/spieler/696507,Fafe,FC Felgueiras 1932
593227,Filipe Bartolomeu Maio,matched,613640.0,Filipe Maio,121.7,"name,age±1,club:Sanjoanense",https://www.transfermarkt.com/filipe-maio/profil/spieler/613640,Sanjoanense,AD Sanjoanense
593228,Vilson Tomas Caleir,low_confidence,671235.0,Vilson Caleir,96.7,"name,age±1",https://www.transfermarkt.com/vilson-caleir/profil/spieler/671235,Fafe,SS Matelica Calcio
593236,Umaro Baldé,low_confidence,363843.0,Umaro Baldé,100.0,name,https://www.transfermarkt.com/umaro-balde/profil/spieler/363843,Oliveira Hospital,Montana
593243,Francisco André Ferreira Cardoso,low_confidence,694605.0,Chico Cardoso,50.0,"name,age±1",https://www.transfermarkt.com/chico-cardoso/profil/spieler/694605,Sporting Covilhã,AFC Gandra
593245,Samir Banjai,matched,606727.0,Samir Banjai,130.0,"name,age±1",https://www.transfermarkt.com/samir-banjai/profil/spieler/606727,Fontinhas,GD Vitória Sernache
593248,Ambroise Landry Nkolo Mvogo,low_confidence,661386.0,Landry Nkolo,80.0,"name,age±1",https://www.transfermarkt.com/landry-nkolo/profil/spieler/661386,Sanjoanense,SC Salgueiros
593251,Paulo Jorge Santos Matos,low_confidence,718935.0,Paulo Matos,80.0,"name,age±1",https://www.transfermarkt.com/paulo-matos/profil/spieler/718935,Moncarapachense,Associação Naval 1893
593258,Sérgio Filipe Ramos da Silva,low_confidence,788826.0,Serginho,30.0,"name,age±1",https://www.transfermarkt.com/serginho/profil/spieler/788826,Lusitânia,Without Club
593270,Pedro Rosas,low_confidence,696504.0,Pedro Rosas,100.0,name,https://www.transfermarkt.com/pedro-rosas/profil/spieler/696504,Felgueiras 1932,Casa Pia AC
593276,Ibrahim Muhammad,matched,699633.0,Ibrahim Muhammad,130.0,"name,age±1",https://www.transfermarkt.com/ibrahim-muhammad/profil/spieler/699633,Oliveira Hospital,AD Camacha
593278,Vasco Duarte Gomes,matched,711073.0,Vasco Gomes,121.7,"name,age±1,club:Sanjoanense",https://www.transfermarkt.com/vasco-gomes/profil/spieler/711073,Sanjoanense,AD Sanjoanense
593289,Vasco Gadelho,low_confidence,468324.0,Vasco Gadelho,100.0,name,https://www.transfermarkt.com/vasco-gadelho/profil/spieler/468324,UD Oliveirense,Niki Volos
593943,Tiago Jorge Martins Araújo,low_confidence,878471.0,Tiago Araújo,105.0,"name,age±1,club:Vianense",https://www.transfermarkt.com/tiago-araujo/profil/spieler/878471,Vianense,SC Vianense
594136,Ibn Ousmane Diagne,matched,618817.0,Ousmane Diagne,121.7,"name,age±1,club:Trofense",https://www.transfermarkt.com/ousmane-diagne/profil/spieler/618817,Trofense,CD Trofense
594900,Afonso Birra Simão,low_confidence,539506.0,Afonso Simão,96.7,"name,age±1",https://www.transfermarkt.com/afonso-simao/profil/spieler/539506,Oliveira Hospital,Anadia FC
594929,Leonardo Buta,low_confidence,653415.0,Leonardo Buta,100.0,name,https://www.transfermarkt.com/leonardo-buta/profil/spieler/653415,Sporting Braga II,Rio Ave FC
594932,Pedro Silva,low_confidence,34408.0,Pedro Silva,100.0,name,https://www.transfermarkt.com/pedro-silva/profil/spieler/34408,Vitória Guimarães II,Retired
594958,Tiago Andre Dores Goncalves,low_confidence,567532.0,Tiago Gonçalves,105.0,"name,age±1,club:Paredes",https://www.transfermarkt.com/tiago-goncalves/profil/spieler/567532,Paredes,USC Paredes
594959,Leandro Dias,low_confidence,549025.0,Leandro Dias,100.0,name,https://www.transfermarkt.com/leandro-dias/profil/spieler/549025,Sporting Braga II,FC Paços de Ferreira
594960,Chico Lamba,low_confidence,744186.0,Chico Lamba,100.0,name,https://www.transfermarkt.com/chico-lamba/profil/spieler/744186,Sporting CP II,AS Saint-Étienne
594962,David Mota Vinhas,matched,575708.0,David Vinhas,121.7,"name,age±1,club:União Santarém",https://www.transfermarkt.com/david-vinhas/profil/spieler/575708,União Santarém,UD Santarém
594964,Miguel Menino,low_confidence,808574.0,Miguel Menino,100.0,name,https://www.transfermarkt.com/miguel-menino/profil/spieler/808574,Sporting CP II,SC Farense
594968,Rodrigo Gomes,low_confidence,667121.0,Rodrigo Gomes,100.0,name,https://www.transfermarkt.com/rodrigo-gomes/profil/spieler/667121,Sporting Braga II,Wolverhampton Wanderers
594972,Tiago André Pinheiro Antunes,low_confidence,575712.0,Tiago Antunes,80.0,"name,age±1",https://www.transfermarkt.com/tiago-antunes/profil/spieler/575712,Trofense,Anadia FC
594973,Francisco Alves Ribeiro,low_confidence,575709.0,Chico,30.0,"name,age±1",https://www.transfermarkt.com/chico/profil/spieler/575709,Canelas 2010,Vilaverdense FC
594974,Diogo Abreu,low_confidence,548998.0,Diogo Abreu,100.0,name,https://www.transfermarkt.com/diogo-abreu/profil/spieler/548998,Sporting CP II,Al-Waab SC
594976,Joelson Fernandes,low_confidence,581140.0,Joelson Fernandes,100.0,name,https://www.transfermarkt.com/joelson-fernandes/profil/spieler/581140,Sporting CP II,Gil Vicente FC
594977,André Gonçalves,low_confidence,111418.0,André Gonçalves,100.0,name,https://www.transfermarkt.com/andre-goncalves/profil/spieler/111418,Sporting CP II,FC Linth 04
595031,Pedro Bicalho,low_confidence,637808.0,Pedro Bicalho,100.0,name,https://www.transfermarkt.com/pedro-bicalho/profil/spieler/637808,Alverca,Qarabağ FK
595135,Gabriel Tigrão,low_confidence,884128.0,Gabriel Tigrão,100.0,name,https://www.transfermarkt.com/gabriel-tigrao/profil/spieler/884128,Canelas 2010,Yongin FC
595340,Né Lopes,low_confidence,641153.0,Né Lopes,100.0,name,https://www.transfermarkt.com/ne-lopes/profil/spieler/641153,Felgueiras 1932,SC Otelul Galati
595743,Mário Rui Baptista Borges,low_confidence,657161.0,Mário Borges,80.0,"name,age±1",https://www.transfermarkt.com/mario-borges/profil/spieler/657161,Sporting Covilhã,FC Alpendorada
596131,Berna Couto,low_confidence,657446.0,Bernardo Couto,33.3,name,https://www.transfermarkt.com/bernardo-couto/profil/spieler/657446,Trofense,CSKA 1948
596133,Tiago André Pereira Veiga,low_confidence,699174.0,Tiago Veiga,105.0,"name,age±1,club:Fafe",https://www.transfermarkt.com/tiago-veiga/profil/spieler/699174,Fafe,AD Fafe
596134,Paulite,low_confidence,685181.0,Paulité,100.0,name,https://www.transfermarkt.com/paulite/profil/spieler/685181,Felgueiras 1932,Leixões SC
596135,Jefferson Pessanha Agostinho,low_confidence,696655.0,Kibe,30.0,"name,age±1",https://www.transfermarkt.com/kibe/profil/spieler/696655,AD Marco 09,Madureira EC
596269,Caiser Sérgio Gomes,matched,729621.0,Caiser Gomes,146.7,"name,age±1,club:1º Dezembro",https://www.transfermarkt.com/caiser-gomes/profil/spieler/729621,1º Dezembro,SU 1º Dezembro
596271,Gonçalo Miguel Santos Pinto,low_confidence,848950.0,Gonçalo Pinto,80.0,"name,age±1",https://www.transfermarkt.com/goncalo-pinto/profil/spieler/848950,Alverca,GD Alcochetense
597130,Felipe Estrella,low_confidence,648638.0,Felipe Estrella,100.0,name,https://www.transfermarkt.com/felipe-estrella/profil/spieler/648638,Vitória Guimarães II,FC Nola 1925
597136,José Augusto de Jesus dos Santos,low_confidence,818272.0,Guga,30.0,"name,age±1",https://www.transfermarkt.com/guga/profil/spieler/818272,Varzim,Rio Branco EC (SP)
597213,Miguel Filipe Santos Baião Rodeia,low_confidence,608433.0,Miguel Rodeia,95.0,"name,age±1,club:União Santarém",https://www.transfermarkt.com/miguel-rodeia/profil/spieler/608433,União Santarém,UD Santarém
597668,Manoel Atanasio da Silva Neto,low_confidence,862593.0,Manoel Atanásio,70.0,"name,age±1",https://www.transfermarkt.com/manoel-atanasio/profil/spieler/862593,Oliveira Hospital,Without Club
597714,José Eduardo De Andrade,low_confidence,738984.0,Zé Eduardo,50.0,"name,age±1",https://www.transfermarkt.com/ze-eduardo/profil/spieler/738984,Varzim,AA Internacional de Limeira
597992,Lucas Vital,low_confidence,796787.0,Lucas Vital,100.0,name,https://www.transfermarkt.com/lucas-vital/profil/spieler/796787,Fafe,Clube Atlético Linense (SP)
598036,K. Onohara,no_match,,,,,,,
598216,Vicente Caldeira,low_confidence,742298.0,Vicente Caldeira,100.0,name,https://www.transfermarkt.com/vicente-caldeira/profil/spieler/742298,Cova da Piedade,Without Club
598229,Lucas Henrique,low_confidence,1239473.0,Lucas Henrique,100.0,name,https://www.transfermarkt.com/lucas-henrique/profil/spieler/1239473,Académica,Without Club
598413,Matheus São Pedro Falero,low_confidence,688311.0,Matheus Guarujá,50.0,"name,age±1",https://www.transfermarkt.com/matheus-guaruja/profil/spieler/688311,Varzim,Manaus Futebol Clube
598476,Nuno Rafael Lopes Pereira,low_confidence,793825.0,Nuno Pereira,80.0,"name,age±1",https://www.transfermarkt.com/nuno-pereira/profil/spieler/793825,Vitória Guimarães II,Leça FC
598491,Murillo Lima,low_confidence,990024.0,Murillo Lima,100.0,name,https://www.transfermarkt.com/murillo-lima/profil/spieler/990024,Sanjoanense,IF São Joseense
598545,Nicolás Cristian de Souza,matched,1065786.0,Nicolas Souza,130.0,"name,age±1,club:Atlético CP",https://www.transfermarkt.com/nicolas-souza/profil/spieler/1065786,Atlético CP,Atlético CP
598854,Diogo Manuel Oliveira Rodrigues Sá,low_confidence,673172.0,Diogo Sá,70.0,"name,age±1",https://www.transfermarkt.com/diogo-sa/profil/spieler/673172,Lusitânia,CF Os Marialvas
598861,Pedro Carvalho,low_confidence,1072238.0,Pedro Carvalho,100.0,name,https://www.transfermarkt.com/pedro-carvalho/profil/spieler/1072238,Cova da Piedade,GD Estoril Praia
599509,Ktatau,low_confidence,1008640.0,Ktatau,100.0,name,https://www.transfermarkt.com/ktatau/profil/spieler/1008640,Felgueiras 1932,GD Chaves
599766,Neném,low_confidence,201227.0,Neném,100.0,name,https://www.transfermarkt.com/nenem/profil/spieler/201227,Oliveira Hospital,Retired
599855,Lucão,low_confidence,270191.0,Lucão,100.0,name,https://www.transfermarkt.com/lucao/profil/spieler/270191,Sanjoanense,Chongqing Tonglianglong
599919,J. Longonda,no_match,,,,,,,
600180,Nuno Miguel Silva Barbosa,low_confidence,716516.0,Nuno Barbosa,105.0,"name,age±1,club:Académica",https://www.transfermarkt.com/nuno-barbosa/profil/spieler/716516,Académica,Académica Coimbra
600208,Jean Carlos Sinisterra Angulo,low_confidence,648377.0,Jean Sinisterra,105.0,"name,age±1,club:Académica",https://www.transfermarkt.com/jean-sinisterra/profil/spieler/648377,Académica,Académica Coimbra
600525,Mhleli Innocent Mabuza,low_confidence,643285.0,Mhleli Mabuza,96.7,"name,age±1",https://www.transfermarkt.com/mhleli-mabuza/profil/spieler/643285,Amora,O Elvas CAD
600548,Luís Henrique Cacheira Gonçalves,low_confidence,1022734.0,Cacheira,55.0,"name,age±1",https://www.transfermarkt.com/cacheira/profil/spieler/1022734,Fontinhas,AD Ovarense
600632,M. Amissi,no_match,,,,,,,
600730,Telmo Dias Watche,low_confidence,842414.0,Telmo Watche,96.7,"name,age±1",https://www.transfermarkt.com/telmo-watche/profil/spieler/842414,Sporting Covilhã,AC Marinhense
600742,Edmilson,low_confidence,5343.0,Edmílson,100.0,name,https://www.transfermarkt.com/edmilson/profil/spieler/5343,Vilaverdense,Retired
601501,Luiz Gustavo Pinto Galil,low_confidence,739624.0,Gustavo Galil,105.0,"name,age±1,club:Sporting Covilhã",https://www.transfermarkt.com/gustavo-galil/profil/spieler/739624,Sporting Covilhã,SC Covilhã
602742,Gabriel Chagas,low_confidence,1167393.0,Gabriel Chagas,100.0,name,https://www.transfermarkt.com/gabriel-chagas/profil/spieler/1167393,Oliveira Hospital,EC XV de Piracicaba
602841,Gonçalo Filipe Figueiredo Rocha Semedo,low_confidence,1277700.0,Gonçalo Semedo,70.0,"name,age±1",https://www.transfermarkt.com/goncalo-semedo/profil/spieler/1277700,Sanjoanense,AD Ovarense
603011,Marcello Deverlan Vicente,low_confidence,586080.0,Marcelo Deverlan,55.0,"name,age±1",https://www.transfermarkt.com/marcelo-deverlan/profil/spieler/586080,Trofense,FC Rànger's
603354,João Victor,low_confidence,671145.0,João Victor,100.0,name,https://www.transfermarkt.com/joao-victor/profil/spieler/671145,São João Ver,CSKA Moscow
604022,Pablo Gabriel,low_confidence,848479.0,Pablo Gabriel,100.0,name,https://www.transfermarkt.com/pablo-gabriel/profil/spieler/848479,Oliveira Hospital,Barra FC
604030,André Ribeiro Duarte,matched,534061.0,André Duarte,121.7,"name,age±1,club:Sanjoanense",https://www.transfermarkt.com/andre-duarte/profil/spieler/534061,Sanjoanense,AD Sanjoanense
604031,Diogo Brito,low_confidence,552963.0,Diogo Brito,100.0,name,https://www.transfermarkt.com/diogo-brito/profil/spieler/552963,Sanjoanense,Retired
604067,Daniel Alves,low_confidence,408052.0,Daniel Alves,100.0,name,https://www.transfermarkt.com/daniel-alves/profil/spieler/408052,Amarante,Without Club
604128,Luís Estefano Balbo Vieira,low_confidence,661143.0,Luís Estefano,80.0,"name,age±1",https://www.transfermarkt.com/luis-estefano/profil/spieler/661143,Varzim,AR São Martinho
604237,André Filipe Rio Liberal,no_match,,,,,,,
604241,João Filipe da Costa Teixeira,low_confidence,684241.0,João Filipe,95.0,"name,age±1,club:Amarante",https://www.transfermarkt.com/joao-filipe/profil/spieler/684241,Amarante,Amarante FC
604403,M. Villarroel,no_match,,,,,,,
604535,César Fernando Simões Sousa,matched,698047.0,César Sousa,130.0,"name,age±1,club:Atlético CP",https://www.transfermarkt.com/cesar-sousa/profil/spieler/698047,Atlético CP,Atlético CP
604582,Emmanuel Iroanya Chukwuemeka,no_match,,,,,,,
605333,Nuno Edgar Martins Braga,low_confidence,657390.0,Edgar,55.0,"name,age±1",https://www.transfermarkt.com/edgar/profil/spieler/657390,Sporting Braga II,SL Cartaxo
605338,Pedro Santos,low_confidence,131163.0,Pedro Santos,100.0,name,https://www.transfermarkt.com/pedro-santos/profil/spieler/131163,Sporting Braga II,Loudoun United FC
605788,Afonso  Urtigueira Gouveia Beirão Valente,no_match,,,,,,,
605983,M. Woledzi,no_match,,,,,,,
607551,Matheus Santos Palmério,matched,718439.0,Matheus Palmério,121.7,"name,age±1,club:Caldas",https://www.transfermarkt.com/matheus-palmerio/profil/spieler/718439,Caldas,Caldas SC
607600,Vinicius Ventura Moreira,low_confidence,839766.0,Vinícius,63.3,"name,age±1",https://www.transfermarkt.com/vinicius/profil/spieler/839766,Canelas 2010,SC Coimbrões
608273,Rafael Freitas Roque,low_confidence,847600.0,Rafael Roque,96.7,"name,age±1",https://www.transfermarkt.com/rafael-roque/profil/spieler/847600,Caldas,SC Escolar Bombarralense
608304,Lénio Sérgio Moreira Bastos Neves,low_confidence,1074818.0,Lénio,75.0,"name,age±1,club:Mafra",https://www.transfermarkt.com/lenio/profil/spieler/1074818,Mafra,CD Mafra
608713,Geny Catamo,matched,701979.0,Geny Catamo,150.0,"name,club:Sporting CP II",https://www.transfermarkt.com/geny-catamo/profil/spieler/701979,Sporting CP II,Sporting CP
608718,Danny Gonçalves,low_confidence,694927.0,Danny Gonçalves,100.0,name,https://www.transfermarkt.com/danny-goncalves/profil/spieler/694927,Amora,Polonia Nysa
608720,Rivaldo Morais,low_confidence,975128.0,Rivaldo,50.0,name,https://www.transfermarkt.com/rivaldo/profil/spieler/975128,Oliveira Hospital,SC Farense U23
608972,Rúben Duarte Rendeiro Barros,low_confidence,816192.0,Rúben Rendeiro,80.0,"name,age±1",https://www.transfermarkt.com/ruben-rendeiro/profil/spieler/816192,Amora,CD Trofense
609201,António Luis Cavaco Silva Sá Montez,no_match,,,,,,,
609259,Reoto Kodama,matched,746412.0,Reoto Kodama,130.0,"name,age±1",https://www.transfermarkt.com/reoto-kodama/profil/spieler/746412,Fafe,ReinMeer Aomori
614309,César Vinicius de Souza Soares,low_confidence,881066.0,Cesinha,105.0,"name,age±1,club:CF Os Belenenses",https://www.transfermarkt.com/cesinha/profil/spieler/881066,CF Os Belenenses,CF Os Belenenses
614310,Rodrigo Rosa,low_confidence,719647.0,Rodrigo Rosa,100.0,name,https://www.transfermarkt.com/rodrigo-rosa/profil/spieler/719647,Canelas 2010,CS Sergipe
614369,Henrique Martins,low_confidence,1497925.0,Henrique,50.0,name,https://www.transfermarkt.com/henrique/profil/spieler/1497925,Lusitania FC Lourosa,Esporte Clube São Bento U20 (SP)
614543,Jonas Wieselsberger,matched,482454.0,Jonas Wieselsberger,130.0,"name,age±1",https://www.transfermarkt.com/jonas-wieselsberger/profil/spieler/482454,1º Dezembro,TSV Buchbach
614969,Alisson Calegari,no_match,,,,,,,
618262,Welves Santos,low_confidence,654311.0,Welves,50.0,name,https://www.transfermarkt.com/welves/profil/spieler/654311,Fontinhas,Blumenau Esporte Clube (SC)
618682,Ruben Brandao Cardoso,matched,729909.0,Rúben Cardoso,121.7,"name,age±1,club:Sanjoanense",https://www.transfermarkt.com/ruben-cardoso/profil/spieler/729909,Sanjoanense,AD Sanjoanense
618688,Danilo Veiga,low_confidence,728485.0,Danilo Veiga,100.0,name,https://www.transfermarkt.com/danilo-veiga/profil/spieler/728485,Felgueiras 1932,US Lecce
618691,Fernando Miguel Pereira Almeida,low_confidence,933988.0,Fernando Almeida,105.0,"name,age±1,club:Amarante",https://www.transfermarkt.com/fernando-almeida/profil/spieler/933988,Amarante,Amarante FC
618696,Mauro Azevedo Ribeiro,matched,818085.0,Mauro Ribeiro,171.7,"name,age±1,club:AD Marco 09",https://www.transfermarkt.com/mauro-ribeiro/profil/spieler/818085,AD Marco 09,AD Marco 09
618875,L. Henriques,no_match,,,,,,,
619376,Rúben Miguel Valente Fonseca,low_confidence,648027.0,Rúben Fonseca,105.0,"name,age±1,club:Paredes",https://www.transfermarkt.com/ruben-fonseca/profil/spieler/648027,Paredes,USC Paredes
619394,João Caiado,low_confidence,522715.0,João Caiado,100.0,name,https://www.transfermarkt.com/joao-caiado/profil/spieler/522715,Vilaverdense,FC Paços de Ferreira
619462,João Marouca,matched,372444.0,João Marouca,150.0,"name,club:Vitória Setúbal",https://www.transfermarkt.com/joao-marouca/profil/spieler/372444,Vitória Setúbal,Vitória Setúbal FC
619466,Simão Rocha,low_confidence,682719.0,Simão Rocha,100.0,name,https://www.transfermarkt.com/simao-rocha/profil/spieler/682719,Torreense,CFR Cluj
619492,Breno Pais Teixeira,low_confidence,598545.0,Breno,88.3,"name,age±1,club:Fafe",https://www.transfermarkt.com/breno/profil/spieler/598545,Fafe,AD Fafe
619538,Alberto Soto,low_confidence,71507.0,Alberto Soto,100.0,name,https://www.transfermarkt.com/alberto-soto/profil/spieler/71507,Vitória Guimarães II,Retired
619542,Fostino Manga,matched,689348.0,Fostino Manga,130.0,"name,age±1",https://www.transfermarkt.com/fostino-manga/profil/spieler/689348,Sanjoanense,FC Tirsense
619546,Pedro Tavares Ferreira,matched,689350.0,Pedro Ferreira,121.7,"name,age±1,club:Paredes",https://www.transfermarkt.com/pedro-ferreira/profil/spieler/689350,Paredes,USC Paredes
619583,Rodrigo Freitas,low_confidence,631785.0,Rodrigo Freitas,100.0,name,https://www.transfermarkt.com/rodrigo-freitas/profil/spieler/631785,Varzim,Without Club
619586,Marcos Silva,low_confidence,689345.0,Marcos Silva,100.0,name,https://www.transfermarkt.com/marcos-silva/profil/spieler/689345,Alverca,Sariyerspor
619589,M. Rouai,no_match,,,,,,,
619592,Diogo Miguel Teixeira Andrezo,low_confidence,684245.0,Diogo Andrezo,80.0,"name,age±1",https://www.transfermarkt.com/diogo-andrezo/profil/spieler/684245,UD Oliveirense,AR São Martinho
621880,Bernardo Diogo Fontes,low_confidence,684239.0,Bernardo Fontes,96.7,"name,age±1",https://www.transfermarkt.com/bernardo-fontes/profil/spieler/684239,Lusitânia,FC Alpendorada
621881,Dinho,low_confidence,210037.0,Dinho,100.0,name,https://www.transfermarkt.com/dinho/profil/spieler/210037,Amarante,Retired
621883,C. Nwoga,no_match,,,,,,,
621886,Diogo Miguel Ribeiro Gomes,low_confidence,667763.0,Diogo Gomes,105.0,"name,age±1,club:Trofense",https://www.transfermarkt.com/diogo-gomes/profil/spieler/667763,Trofense,CD Trofense
621887,Eduardo  Ferreira Duarte,no_match,,,,,,,
621893,Abel Martins da Costa e Silva,low_confidence,684235.0,Abel Folha,44.3,"name,age±1",https://www.transfermarkt.com/abel-folha/profil/spieler/684235,Fafe,Univ. Craiova II
622028,Pedro Miguel Carvalho Martins,low_confidence,549031.0,Pedro Martins,80.0,"name,age±1",https://www.transfermarkt.com/pedro-martins/profil/spieler/549031,Sanjoanense,GD Oliveira Frades
622057,Gabriel Castro,low_confidence,665761.0,Gabriel Castro,100.0,name,https://www.transfermarkt.com/gabriel-castro/profil/spieler/665761,1º Dezembro,FC Jeunesse Canach
622114,Gui Guedes,low_confidence,696506.0,Gui Guedes,100.0,name,https://www.transfermarkt.com/gui-guedes/profil/spieler/696506,Vitória Guimarães II,UD Almería
622117,Lassana Mané,matched,695998.0,Lassana Mané,130.0,"name,age±1",https://www.transfermarkt.com/lassana-mane/profil/spieler/695998,1º Dezembro,Vaasan Palloseura
622126,Ángel Antonio Gomes Arevalo,low_confidence,695968.0,Ángel Gomes,105.0,"name,age±1,club:Varzim",https://www.transfermarkt.com/angel-gomes/profil/spieler/695968,Varzim,Varzim SC
622146,Tomás Gonçalves dos Santos Loureiro,low_confidence,567534.0,Tomás Loureiro,70.0,"name,age±1",https://www.transfermarkt.com/tomas-loureiro/profil/spieler/567534,Pêro Pinheiro,Without Club
622147,David Filipe Moreira Semedo,low_confidence,695964.0,David Semedo,80.0,"name,age±1",https://www.transfermarkt.com/david-semedo/profil/spieler/695964,Lusitânia,Without Club
622151,Francisco Varela,low_confidence,478836.0,Francisco Varela,100.0,name,https://www.transfermarkt.com/francisco-varela/profil/spieler/478836,Pêro Pinheiro,---
622338,Bruno Miguel Lopes Almeida,matched,696688.0,Bruno Almeida,130.0,"name,age±1,club:Atlético CP",https://www.transfermarkt.com/bruno-almeida/profil/spieler/696688,Atlético CP,Atlético CP
622347,Rodrigo Navarro Domingues,low_confidence,678542.0,Rodi,30.0,"name,age±1",https://www.transfermarkt.com/rodi/profil/spieler/678542,CF Os Belenenses,GD Alcochetense
622349,Rodrigo Milne Carmo Coutinho,low_confidence,695123.0,Rodrigo Coutinho,80.0,"name,age±1",https://www.transfermarkt.com/rodrigo-coutinho/profil/spieler/695123,1º Dezembro,Associação Naval 1893
622351,B. Cipenga,no_match,,,,,,,
622352,Malam Camará,low_confidence,700566.0,Malam Camará,100.0,name,https://www.transfermarkt.com/malam-camara/profil/spieler/700566,Vitória Setúbal,UB Conquense
622389,Pedro Pinho,low_confidence,699171.0,Pedro Pinho,100.0,name,https://www.transfermarkt.com/pedro-pinho/profil/spieler/699171,Sanjoanense,GD Chaves
622412,Nuno Silva,low_confidence,22547.0,Nuno Silva,100.0,name,https://www.transfermarkt.com/nuno-silva/profil/spieler/22547,Fafe,Retired
622431,Tomás Castro,low_confidence,681831.0,Tomás Castro,100.0,name,https://www.transfermarkt.com/tomas-castro/profil/spieler/681831,União Santarém,FK Bylis
622453,Eduardo Gomes Silva,low_confidence,699634.0,Edu Silva,80.0,"name,age±1,club:Sporting Covilhã",https://www.transfermarkt.com/edu-silva/profil/spieler/699634,Sporting Covilhã,SC Covilhã
622457,Manu,low_confidence,624690.0,Manu Koné,50.0,name,https://www.transfermarkt.com/manu-kone/profil/spieler/624690,Vitória Guimarães II,AS Roma
622784,Rui Bruno Fragoso Monteiro Ribeiro,matched,699175.0,Rui Bruno,145.0,"name,age±1,club:São João Ver",https://www.transfermarkt.com/rui-bruno/profil/spieler/699175,São João Ver,SC São João de Ver
623409,Daisuke Araki,matched,692826.0,Daisuke Araki,130.0,"name,age±1",https://www.transfermarkt.com/daisuke-araki/profil/spieler/692826,São João Ver,SC Vianense
623419,M. Tounkara,no_match,,,,,,,
623567,João Pedro Teixeira Silva,low_confidence,698454.0,Pedro Teixeira,105.0,"name,age±1,club:União Santarém",https://www.transfermarkt.com/pedro-teixeira/profil/spieler/698454,União Santarém,UD Santarém
623654,J. Mutombo,no_match,,,,,,,
624487,Duarte Barros Mariano Carvalho,no_match,,,,,,,
624494,Miguel Maria Reis Veríssimo,low_confidence,795059.0,Miguel Veríssimo,80.0,"name,age±1",https://www.transfermarkt.com/miguel-verissimo/profil/spieler/795059,Pêro Pinheiro,Retired
624503,David  Oliveira Santos Cavaleiro Brazão,no_match,,,,,,,
624839,João Pedro Barbosa Ferreira,low_confidence,707112.0,João Ferreira,80.0,"name,age±1",https://www.transfermarkt.com/joao-ferreira/profil/spieler/707112,Pevidém,GD Joane
624841,J. Rios,no_match,,,,,,,
624867,Hugo Alves,low_confidence,720191.0,Hugo Alves,100.0,name,https://www.transfermarkt.com/hugo-alves/profil/spieler/720191,Vilaverdense,Retired
624892,João Pedro Martins Oliveira,low_confidence,954477.0,Jota Oliveira,50.0,"name,age±1",https://www.transfermarkt.com/jota-oliveira/profil/spieler/954477,São João Ver,AC Vila Meã
624910,Joel Pedro Maio Marques,low_confidence,842477.0,Joel Marques,80.0,"name,age±1",https://www.transfermarkt.com/joel-marques/profil/spieler/842477,Felgueiras 1932,AD Limianos
625187,I. Guirassy,no_match,,,,,,,
625224,Rodrigo Filipe dos Santos Ferreira,low_confidence,740150.0,Rodrigo Ferreira,95.0,"name,age±1,club:Sporting Covilhã",https://www.transfermarkt.com/rodrigo-ferreira/profil/spieler/740150,Sporting Covilhã,SC Covilhã
625239,Eduardo Salvador Rosa Oliveira Borges,low_confidence,841731.0,Edu Borges,96.7,"name,age±1,club:1º Dezembro",https://www.transfermarkt.com/edu-borges/profil/spieler/841731,1º Dezembro,SU 1º Dezembro
625240,Bruno Silva,low_confidence,33260.0,Bruno Silva,100.0,name,https://www.transfermarkt.com/bruno-silva/profil/spieler/33260,Vilaverdense,Retired
625242,Emanuel Francisco Teixeira Ribeiro,low_confidence,592274.0,Manu Ribeiro,50.0,"name,age±1",https://www.transfermarkt.com/manu-ribeiro/profil/spieler/592274,Trofense,Benfica Castelo Branco
625250,Ben Hassan Traoré,matched,665029.0,Ben Traoré,121.7,"name,age±1,club:Amora",https://www.transfermarkt.com/ben-traore/profil/spieler/665029,Amora,Amora FC
625259,David José Fernandes Martins,matched,739252.0,David Martins,155.0,"name,age±1,club:AD Marco 09",https://www.transfermarkt.com/david-martins/profil/spieler/739252,AD Marco 09,AD Marco 09
626380,Ebanilson Domingos de Lima Viegas,low_confidence,839967.0,Eba Viegas,46.7,"name,age±1",https://www.transfermarkt.com/eba-viegas/profil/spieler/839967,Caldas,Atletico Catania
626951,Rafael Jesus Pires,low_confidence,700934.0,Rafinha,30.0,"name,age±1",https://www.transfermarkt.com/rafinha/profil/spieler/700934,Lusitânia,Without Club
626952,Costinha,low_confidence,9826.0,Costinha,100.0,name,https://www.transfermarkt.com/costinha/profil/spieler/9826,Sporting Braga II,Retired
627575,João Pedro Espírito Santo Oliveira,low_confidence,724421.0,Jota,80.0,"name,age±1,club:1º Dezembro",https://www.transfermarkt.com/jota/profil/spieler/724421,1º Dezembro,SU 1º Dezembro
628023,Zé Leite,low_confidence,468338.0,Zé Leite,100.0,name,https://www.transfermarkt.com/ze-leite/profil/spieler/468338,Felgueiras 1932,FC Penafiel
629719,Valdir Júnior,low_confidence,1310499.0,Valdir Junior,100.0,name,https://www.transfermarkt.com/valdir-junior/profil/spieler/1310499,União de Leiria,Retired
630739,Luís David Almeida Cerejo,low_confidence,686473.0,Luís Cerejo,80.0,"name,age±1",https://www.transfermarkt.com/luis-cerejo/profil/spieler/686473,Amora,Cumberland Phoenix (Cumberland University)
631030,P. Dwomoh,no_match,,,,,,,
631450,Ben Aziz Zagrè,low_confidence,396122.0,Ben Zagrè,96.7,"name,age±1",https://www.transfermarkt.com/ben-zagre/profil/spieler/396122,Fafe,Retired
631936,André Ferreira,low_confidence,389097.0,André Ferreira,100.0,name,https://www.transfermarkt.com/andre-ferreira/profil/spieler/389097,Sporting Braga II,CS Fola Esch
631937,João Resende,low_confidence,575715.0,João Resende,100.0,name,https://www.transfermarkt.com/joao-resende/profil/spieler/575715,Académica,Pontevedra CF
631942,Vasco Maria Cabral Pires Lopes Gaspar,low_confidence,650569.0,Vasco Gaspar,63.3,"name,age±1",https://www.transfermarkt.com/vasco-gaspar/profil/spieler/650569,Sporting CP II,Retired
631945,G. Mendonça,no_match,,,,,,,
631946,Herculano Nabian,low_confidence,606160.0,Herculano Nabian,100.0,name,https://www.transfermarkt.com/herculano-nabian/profil/spieler/606160,Vitória Guimarães II,US Città di Pontedera
633050,Luís Duarte Neves Marcelino,low_confidence,708487.0,Luís Marcelino,80.0,"name,age±1",https://www.transfermarkt.com/luis-marcelino/profil/spieler/708487,Caldas,Without Club
633058,Horácio Jau,low_confidence,708491.0,Horácio Jau,100.0,name,https://www.transfermarkt.com/horacio-jau/profil/spieler/708491,Real SC,Without Club
633210,Léo Teixeira,low_confidence,718941.0,Léo,50.0,name,https://www.transfermarkt.com/leotm/profil/spieler/718941,Varzim,FC Felgueiras 1932
633255,Hugo Alexandre Santos Cardoso,low_confidence,747414.0,Hugo Cardoso,80.0,"name,age±1",https://www.transfermarkt.com/hugo-cardoso/profil/spieler/747414,1º Dezembro,San Antonio Bulo Bulo
633282,Clé,low_confidence,182904.0,Clément Lenglet,0.0,name,https://www.transfermarkt.com/clement-lenglet/profil/spieler/182904,CF Os Belenenses,Atlético de Madrid
633287,Miguel Montenegro,low_confidence,719206.0,Miguel Montenegro,100.0,name,https://www.transfermarkt.com/miguel-montenegro/profil/spieler/719206,Varzim,PAEEK Kyrenia
633627,Bernardo,low_confidence,364258.0,Bernardo,100.0,name,https://www.transfermarkt.com/bernardo/profil/spieler/364258,Sporting Braga II,TSG 1899 Hoffenheim
634665,Pedro Emanuel Moreira Ribeiro,matched,704025.0,Pedro Ribeiro,155.0,"name,age±1,club:AD Marco 09",https://www.transfermarkt.com/pedro-ribeiro/profil/spieler/704025,AD Marco 09,AD Marco 09
634712,Sander Ramires Lemes,low_confidence,752596.0,Sander Lemes,96.7,"name,age±1",https://www.transfermarkt.com/sander-lemes/profil/spieler/752596,Vitória Guimarães II,Louletano DC
634724,Yordy Marcelo Calle Valencia,low_confidence,678044.0,Yordy Marcelo,80.0,"name,age±1",https://www.transfermarkt.com/yordy-marcelo/profil/spieler/678044,Caldas,Juventude Évora SC
634901,Rodrigo da Costa Dias,low_confidence,713280.0,Rodrigo Dias,80.0,"name,age±1",https://www.transfermarkt.com/rodrigo-dias/profil/spieler/713280,Caldas,CD Cinfães
635841,Antal Bencze,matched,716525.0,Antal Bencze,130.0,"name,age±1",https://www.transfermarkt.com/antal-bencze/profil/spieler/716525,Vitória Guimarães II,Erzsébeti SMTK
635858,Rúben Pina,low_confidence,647132.0,Rúben Pina,100.0,name,https://www.transfermarkt.com/ruben-pina/profil/spieler/647132,Alverca,Leixões SC
636522,Celso Sidney,low_confidence,943636.0,Celso Sidney,100.0,name,https://www.transfermarkt.com/celso-sidney/profil/spieler/943636,Lusitânia,Cherno More Varna
637396,Diogo Sousa Pereira de Castro,low_confidence,902723.0,Diogo Castro,70.0,"name,age±1",https://www.transfermarkt.com/diogo-castro/profil/spieler/902723,1º Dezembro,AD Machico
637509,Vitor  Bacar Fati,no_match,,,,,,,
637520,Diogo    Ramos Motty,no_match,,,,,,,
637524,Hamed Doukouré,matched,725877.0,Hamed Doukouré,205.0,"name,age±1,club:AD Marco 09",https://www.transfermarkt.com/hamed-doukoure/profil/spieler/725877,AD Marco 09,AD Marco 09
637550,João Henrique Martins Dias,low_confidence,503460.0,João Dias,80.0,"name,age±1",https://www.transfermarkt.com/joao-dias/profil/spieler/503460,Fontinhas,Without Club
637557,Bernardo Santos,low_confidence,542815.0,Bernardo Santos,100.0,name,https://www.transfermarkt.com/bernardo-santos/profil/spieler/542815,Anadia,CD Estarreja
637601,Kevin Lopez,low_confidence,931942.0,Kevin López,100.0,name,https://www.transfermarkt.com/kevin-lopez/profil/spieler/931942,Caldas,Club Atlético San Martín (Tucumán)
637604,Mario Diego Lime Maeda,matched,534912.0,Mario Diego Lime Maeda,130.0,"name,age±1",https://www.transfermarkt.com/mario-diego-lime-maeda/profil/spieler/534912,Anadia,Without Club
637621,D. Collard,no_match,,,,,,,
637626,Fábio Abreu Mesquita,no_match,,,,,,,
637644,Afonso Alexandre Cunha Afonso,matched,1078219.0,Afonso Afonso,138.3,"name,age±1,club:CF Os Belenenses",https://www.transfermarkt.com/afonso-afonso/profil/spieler/1078219,CF Os Belenenses,CF Os Belenenses
637648,João Carlos Gomes Alves Sousa,no_match,,,,,,,
637709,João Alexandre Velho Matos,low_confidence,731270.0,João Matos,80.0,"name,age±1",https://www.transfermarkt.com/joao-matos/profil/spieler/731270,Canelas 2010,FC Alpendorada
637720,Dinis Pinto,low_confidence,663254.0,Dinis Pinto,100.0,name,https://www.transfermarkt.com/dinis-pinto/profil/spieler/663254,Sporting Braga II,Moreirense FC
637808,Gabriel de Morais,low_confidence,916700.0,Gabriel Morais,96.7,"name,age±1",https://www.transfermarkt.com/gabriel-morais/profil/spieler/916700,Académica,Retired
637887,Harruna Iddriss Innusah,low_confidence,824383.0,Harruna,88.3,"name,age±1,club:Amarante",https://www.transfermarkt.com/harruna/profil/spieler/824383,Amarante,Amarante FC
638473,Monsuru Opeyemi,matched,718316.0,Monsuru Opeyemi,130.0,"name,age±1",https://www.transfermarkt.com/monsuru-opeyemi/profil/spieler/718316,Sporting Covilhã,FC Hlucin
639054,K. Zinovich,no_match,,,,,,,
640132,Aníbal da Jorgina Sohni André,no_match,,,,,,,
641071,Ibrahim Sory Diomandé,low_confidence,518774.0,Ibrahim Diomandé,96.7,"name,age±1",https://www.transfermarkt.com/ibrahim-diomande/profil/spieler/518774,Pêro Pinheiro,Darnes SC
642088,Beni Souza,low_confidence,768562.0,Bénito,55.0,"name,age±1,club:Académica",https://www.transfermarkt.com/benito/profil/spieler/768562,Académica,Académica Coimbra
642792,Flávio Nazinho,low_confidence,668587.0,Nazinho,50.0,name,https://www.transfermarkt.com/nazinho/profil/spieler/668587,Sporting CP II,Cercle Brugge
643429,Carlos Daniel Barbosa da Silva,low_confidence,997868.0,Carlos Daniel,95.0,"name,age±1,club:Fafe",https://www.transfermarkt.com/carlos-daniel/profil/spieler/997868,Fafe,AD Fafe
643878,J. Pajaro,no_match,,,,,,,
644778,Hernâni Infande Tchuda da Silva,low_confidence,731879.0,Hernâni,50.0,"name,age±1",https://www.transfermarkt.com/hernani/profil/spieler/731879,Sporting Braga II,Without Club
644896,Leonardo Barroso,low_confidence,741501.0,Leonardo Barroso,100.0,name,https://www.transfermarkt.com/leonardo-barroso/profil/spieler/741501,Sporting CP II,Chicago Fire FC
644909,José Rodrigues,low_confidence,870244.0,Rodrigues Alves,33.3,name,https://www.transfermarkt.com/rodrigues-alves/profil/spieler/870244,Sporting Braga II,---
644910,João de Vasconcelos Faria Gonçalves,low_confidence,898715.0,Vasconcelos,75.0,"name,age±1,club:Sporting Braga II",https://www.transfermarkt.com/vasconcelos/profil/spieler/898715,Sporting Braga II,SC Braga B
644912,Francisco Silva,matched,741492.0,Francisco Silva,150.0,"name,club:Sporting CP II",https://www.transfermarkt.com/francisco-silva/profil/spieler/741492,Sporting CP II,Sporting CP B
644918,Marlon Júnior,low_confidence,741535.0,Marlon Júnior,100.0,name,https://www.transfermarkt.com/marlon-junior/profil/spieler/741535,Sporting CP II,Portimonense SAD
644920,Ussumane Djaló,low_confidence,741537.0,Mani,0.0,name,https://www.transfermarkt.com/mani/profil/spieler/741537,Mafra,SJK Seinäjoki
645025,Diogo Pinto,low_confidence,462252.0,Diogo Pinto,100.0,name,https://www.transfermarkt.com/diogo-pinto/profil/spieler/462252,Sporting CP II,NK Olimpija Ljubljana
645026,David Alexandre Oliveira Monteiro,low_confidence,572923.0,David Monteiro,105.0,"name,age±1,club:União Santarém",https://www.transfermarkt.com/david-monteiro/profil/spieler/572923,União Santarém,UD Santarém
645032,Youssef Chermiti,low_confidence,670688.0,Youssef Chermiti,100.0,name,https://www.transfermarkt.com/youssef-chermiti/profil/spieler/670688,Sporting CP II,Rangers FC
645034,Lucas Anjos,matched,670686.0,Lucas Anjos,150.0,"name,club:Sporting CP II",https://www.transfermarkt.com/lucas-anjos/profil/spieler/670686,Sporting CP II,Sporting CP B
645035,Dário Essugo,low_confidence,670717.0,Dário Essugo,100.0,name,https://www.transfermarkt.com/dario-essugo/profil/spieler/670717,Sporting CP II,Chelsea FC
645040,Marco Cruz,low_confidence,670682.0,Marco Cruz,100.0,name,https://www.transfermarkt.com/marco-cruz/profil/spieler/670682,Sporting CP II,CS Marítimo
645042,Gonçalo Esteves,low_confidence,726721.0,Gonçalo Esteves,100.0,name,https://www.transfermarkt.com/goncalo-esteves/profil/spieler/726721,Sporting CP II,US Catanzaro
645045,Rodrigo Ribeiro,low_confidence,726701.0,Rodrigo Ribeiro,100.0,name,https://www.transfermarkt.com/rodrigo-ribeiro/profil/spieler/726701,Sporting CP II,FC Augsburg
646062,Noah Medalli,matched,1004342.0,Noah Medalli,155.0,"name,age±1,club:União Santarém",https://www.transfermarkt.com/noah-medalli/profil/spieler/1004342,União Santarém,UD Santarém
646365,Juan Felipe Gomez Moreno,low_confidence,836160.0,Juan Moreno,80.0,"name,age±1",https://www.transfermarkt.com/juan-moreno/profil/spieler/836160,1º Dezembro,Europa FC
646476,Mário Nuno  Leite Correia,no_match,,,,,,,
646488,Prospa Kevin Ibouka,low_confidence,831700.0,Kevin Ibouka,96.7,"name,age±1",https://www.transfermarkt.com/kevin-ibouka/profil/spieler/831700,Vianense,GD Vitória Sernache
646491,Rúben Daniel  Campos Ribeiro,no_match,,,,,,,
646500,Bernardo  Andrade Fortunato,no_match,,,,,,,
646508,Lucas Bento Fernandes,low_confidence,818024.0,Lucas Fernandes,96.7,"name,age±1",https://www.transfermarkt.com/lucas-fernandes/profil/spieler/818024,Oliveira Hospital,LGC Moncarapachense
646533,André Miguel Henriques Santos,low_confidence,818034.0,André Santos,80.0,"name,age±1",https://www.transfermarkt.com/andre-santos/profil/spieler/818034,Anadia,CF Os Marialvas
646542,João Tiago Milagres Saleiro Silva,low_confidence,818263.0,João Tiago,70.0,"name,age±1",https://www.transfermarkt.com/joao-tiago/profil/spieler/818263,Académica,CF Os Marialvas
646554,Rui Pedro Fernandes Ferreira,low_confidence,567529.0,Rui Pedro,105.0,"name,age±1,club:Amarante",https://www.transfermarkt.com/rui-pedro/profil/spieler/567529,Amarante,Amarante FC
646565,João Henrique  Oliveira Castro,no_match,,,,,,,
646569,Hugo Miguel Marques Mosca,low_confidence,840936.0,Hugo Mosca,80.0,"name,age±1",https://www.transfermarkt.com/hugo-mosca/profil/spieler/840936,Real SC,O Elvas CAD
646571,Geovani,low_confidence,817676.0,Geovani,100.0,name,https://www.transfermarkt.com/geovani/profil/spieler/817676,Vitória Guimarães II,Daegu FC
646580,João Pedro  Azevedo Rego,no_match,,,,,,,
646589,Jota Lopes,low_confidence,817664.0,Jota Lopes,100.0,name,https://www.transfermarkt.com/jota-lopes/profil/spieler/817664,Fontinhas,Spartak Varna
646599,Gonçalo Tomás Barros Rocha,low_confidence,1173901.0,Tomás Rocha,80.0,"name,age±1",https://www.transfermarkt.com/tomas-rocha/profil/spieler/1173901,Trofense,AD Sanjoanense
646607,Hugo Miguel  Teixeira Costa,no_match,,,,,,,
646611,Gonçalo Lobato Sousa Dias,low_confidence,1016032.0,Gonçalo Dias,105.0,"name,age±1,club:Sporting Braga II",https://www.transfermarkt.com/goncalo-dias/profil/spieler/1016032,Sporting Braga II,SC Braga B
646615,Pedro Miguel Miranda Pereira,low_confidence,567522.0,Pedro Pereira,105.0,"name,age±1,club:União Santarém",https://www.transfermarkt.com/pedro-pereira/profil/spieler/567522,União Santarém,UD Santarém
646616,José Pedro,low_confidence,503222.0,José Pedro,100.0,name,https://www.transfermarkt.com/jose-pedro/profil/spieler/503222,Sporting Braga II,Retired
646618,Diogo Fernandes Fonseca,low_confidence,858238.0,Diogo Fonseca,96.7,"name,age±1",https://www.transfermarkt.com/diogo-fonseca/profil/spieler/858238,Sporting Braga II,Without Club
646622,Yan Vasconcelos Said,matched,551980.0,Yan Said,121.7,"name,age±1,club:Sporting Braga II",https://www.transfermarkt.com/yan-said/profil/spieler/551980,Sporting Braga II,SC Braga B
646623,Luís Asué,low_confidence,702911.0,Luis Asué,100.0,name,https://www.transfermarkt.com/luis-asue/profil/spieler/702911,Sporting Braga II,CD Leganés
646627,Tomás Lima  Pereira Pimenta,no_match,,,,,,,
646629,Rodrigo Guedes,low_confidence,818083.0,Rodrigo Guedes,100.0,name,https://www.transfermarkt.com/rodrigo-guedes/profil/spieler/818083,Amarante,Académico Viseu FC
646636,André Sá  Ramalho,no_match,,,,,,,
646637,Ablaye  Diop,no_match,,,,,,,
646640,Luís Miguel  Correia Pinto,no_match,,,,,,,
646734,Samuel Yves Njoh Njoh,low_confidence,684242.0,Samuel Njoh,96.7,"name,age±1",https://www.transfermarkt.com/samuel-njoh/profil/spieler/684242,Pêro Pinheiro,SC Vila Real
646750,André Gonçalves Dias,low_confidence,813478.0,André Dias,96.7,"name,age±1",https://www.transfermarkt.com/andre-dias/profil/spieler/813478,Montalegre,GD Vitória Sernache
646766,Desmond Nketia,low_confidence,878507.0,Desmond Nketia,100.0,name,https://www.transfermarkt.com/desmond-nketia/profil/spieler/878507,Académica,CD Feirense
646770,Franco Laureano Almara,matched,737056.0,Franco Almara,171.7,"name,age±1,club:Lusitano Évora 1911",https://www.transfermarkt.com/franco-almara/profil/spieler/737056,Lusitano Évora 1911,Associação Lusitano de Évora 1911
646784,Tomás Varela Carvalho,low_confidence,816191.0,Tomás Carvalho,96.7,"name,age±1",https://www.transfermarkt.com/tomas-carvalho/profil/spieler/816191,Cova da Piedade,Without Club
646785,João Nunes,low_confidence,198021.0,João Nunes,100.0,name,https://www.transfermarkt.com/joao-nunes/profil/spieler/198021,Amora,Újpest FC
646807,Miguel Pires,low_confidence,1056441.0,Miguel Pires,100.0,name,https://www.transfermarkt.com/miguel-pires/profil/spieler/1056441,Alverca,UD Leiria
646813,António Bernardo Rebelo Legatheaux Fernandes,no_match,,,,,,,
646819,Hugo Miguel Zagal Nunes,matched,1077059.0,Hugo Nunes,130.0,"name,age±1,club:Vitória Guimarães II",https://www.transfermarkt.com/hugo-nunes/profil/spieler/1077059,Vitória Guimarães II,Vitória Guimarães SC B
646838,Rafael Mascarenhas Moreira,matched,549033.0,Rafael Moreira,121.7,"name,age±1,club:Mafra",https://www.transfermarkt.com/rafael-moreira/profil/spieler/549033,Mafra,CD Mafra
646893,Bruno Miguel Vicente Santos,low_confidence,567489.0,Cuba,55.0,"name,age±1,club:Académica",https://www.transfermarkt.com/cuba/profil/spieler/567489,Académica,Académica Coimbra
646900,Joel Vladimiro Soares Mendes,low_confidence,795064.0,Joel Mendes,80.0,"name,age±1",https://www.transfermarkt.com/joel-mendes/profil/spieler/795064,União Santarém,Juventude Évora SC
646907,Rafa,low_confidence,238055.0,Rafa Silva,50.0,name,https://www.transfermarkt.com/rafa-silva/profil/spieler/238055,Sporting Covilhã,SL Benfica
646911,Hélder Sá,low_confidence,549013.0,Hélder Sá,100.0,name,https://www.transfermarkt.com/helder-sa/profil/spieler/549013,Vitória Guimarães II,Sertãozinho Futebol Clube (SP)
646915,Maga,low_confidence,435338.0,Gabriel,0.0,name,https://www.transfermarkt.com/gabriel/profil/spieler/435338,Vitória Guimarães II,Arsenal FC
646917,Rui Daniel Ribeiro Correia,low_confidence,775178.0,Rui Correia,80.0,"name,age±1",https://www.transfermarkt.com/rui-correia/profil/spieler/775178,Vitória Guimarães II,Without Club
646923,André Amaro,low_confidence,637782.0,André Amaro,100.0,name,https://www.transfermarkt.com/andre-amaro/profil/spieler/637782,Vitória Guimarães II,Al-Rayyan SC
646924,Gonçalo José Reis Pinto,low_confidence,879436.0,Gonçalo Pinto,105.0,"name,age±1,club:Fafe",https://www.transfermarkt.com/goncalo-pinto/profil/spieler/879436,Fafe,AD Fafe
646930,Jota Pereira,low_confidence,744099.0,Jota,50.0,name,https://www.transfermarkt.com/jota/profil/spieler/744099,Sanjoanense,FC Oleksandriya
646935,Diogo Cardoso,low_confidence,566982.0,Diogo Cardoso,100.0,name,https://www.transfermarkt.com/diogo-cardoso/profil/spieler/566982,1º Dezembro,FC Imishli
646945,André Alves  do Paço e Silva,no_match,,,,,,,
646948,Francisco Marques Leite Ribeiro Lemos,no_match,,,,,,,
646956,Eduardo Paulo Monteiro,low_confidence,951998.0,Edu Monteiro,80.0,"name,age±1,club:Caldas",https://www.transfermarkt.com/edu-monteiro/profil/spieler/951998,Caldas,Caldas SC
646973,Moisés  Fernandes da Conceição,no_match,,,,,,,
646981,Duarte Nuno Barbosa Henriques,matched,951997.0,Duarte Henriques,130.0,"name,age±1,club:Atlético CP",https://www.transfermarkt.com/duarte-henriques/profil/spieler/951997,Atlético CP,Atlético CP
646983,José Pedro Ferreira Oliveira,low_confidence,672449.0,Zé Pedro,50.0,"name,age±1",https://www.transfermarkt.com/ze-pedro/profil/spieler/672449,Sanjoanense,Aparecida FC
646984,Jeimes,low_confidence,728033.0,Jeimes,100.0,name,https://www.transfermarkt.com/jeimes/profil/spieler/728033,Montalegre,FC Paços de Ferreira
646993,Tomás Mendes,low_confidence,646734.0,Tomás Mendes,100.0,name,https://www.transfermarkt.com/tomas-mendes/profil/spieler/646734,1º Dezembro,FC Alverca
646994,Gonçalo Miguel Leal Zuzarte Sousa,low_confidence,933470.0,Gonçalo Zuzarte,70.0,"name,age±1",https://www.transfermarkt.com/goncalo-zuzarte/profil/spieler/933470,Vilaverdense,FC Alpendorada
647011,André Alves,low_confidence,74306.0,André Alves,100.0,name,https://www.transfermarkt.com/andre-alves/profil/spieler/74306,Pevidém,Retired
647016,Braima Embaló Sambú,matched,817527.0,Braima Sambú,121.7,"name,age±1,club:Mafra",https://www.transfermarkt.com/braima-sambu/profil/spieler/817527,Mafra,CD Mafra
647024,Filipe Reynal Marques,low_confidence,927650.0,Pipo,30.0,"name,age±1",https://www.transfermarkt.com/pipo/profil/spieler/927650,Trofense,GD Bragança
647036,Lucas Gabriel Souza Alves,no_match,,,,,,,
647043,Luís Filipe da Silva Oliveira,low_confidence,893250.0,Luís Oliveira,95.0,"name,age±1,club:Varzim",https://www.transfermarkt.com/luis-oliveira/profil/spieler/893250,Varzim,Varzim SC
647052,João Ricardo  Meireles Machado,no_match,,,,,,,
647070,Guga,low_confidence,592344.0,Guga,100.0,name,https://www.transfermarkt.com/guga/profil/spieler/592344,Alverca,Fluminense Football Club
647076,Maycon Douglas,low_confidence,554061.0,Maycon Douglas,100.0,name,https://www.transfermarkt.com/maycon-douglas/profil/spieler/554061,Alverca,CA Juventus (SP)
647095,Edney Ribeiro,low_confidence,879827.0,Edney Ribeiro,100.0,name,https://www.transfermarkt.com/edney-ribeiro/profil/spieler/879827,Amora,Septemvri Sofia
647121,Rafael Fernandes,low_confidence,744074.0,Rafael Fernandes,100.0,name,https://www.transfermarkt.com/rafael-fernandes/profil/spieler/744074,Sporting CP II,LOSC Lille
647124,Gilberto Batista,low_confidence,816572.0,Gilberto Batista,100.0,name,https://www.transfermarkt.com/gilberto-batista/profil/spieler/816572,Sporting CP II,Moreirense FC
647125,Gonçalo Ferreira,low_confidence,441054.0,Gonçalo Ferreira,100.0,name,https://www.transfermarkt.com/goncalo-ferreira/profil/spieler/441054,Académica,Union Titus Petange
647126,Edson Silva,low_confidence,67838.0,Édson Silva,100.0,name,https://www.transfermarkt.com/edson-silva/profil/spieler/67838,Sporting CP II,Murici Futebol Clube (AL)
647127,Mamede,low_confidence,6072.0,Mamede,100.0,name,https://www.transfermarkt.com/mamede/profil/spieler/6072,Sporting CP II,Retired
647129,Paulo Balanga Agostinho,low_confidence,718969.0,Paulo Agostinho,96.7,"name,age±1",https://www.transfermarkt.com/paulo-agostinho/profil/spieler/718969,Sporting CP II,FC Alverca B
647182,Rafael  Sousa Marcelino,no_match,,,,,,,
647198,Wagner Pina,low_confidence,1072017.0,Wagner Pina,100.0,name,https://www.transfermarkt.com/wagner-pina/profil/spieler/1072017,CF Os Belenenses,Trabzonspor
647209,E. Maviram,no_match,,,,,,,
647211,Tomás Silva Dias Catarino Rosete,low_confidence,933945.0,Tomás Rosete,70.0,"name,age±1",https://www.transfermarkt.com/tomas-rosete/profil/spieler/933945,Anadia,CF Os Marialvas
647218,Tiago Marto  Rocha Neto,no_match,,,,,,,
647230,Alexandre  Dias Mendes,no_match,,,,,,,
647238,Bruno  Santos Ventura,no_match,,,,,,,
647240,Diogo Martins,low_confidence,548332.0,Diogo Martins,100.0,name,https://www.transfermarkt.com/diogo-martins/profil/spieler/548332,Vitória Setúbal,UD Leiria
647243,Guilherme  Leandro Ribeiro,no_match,,,,,,,
647248,Tomás  Ramos Lima,no_match,,,,,,,
647252,Rúben Aroeira,no_match,,,,,,,
648368,Ricardo Jorge Martins Teixeira,low_confidence,732247.0,Ricardo Teixeira,105.0,"name,age±1,club:Académica",https://www.transfermarkt.com/ricardo-teixeira/profil/spieler/732247,Académica,Académica Coimbra
648558,Paulinho,low_confidence,57229.0,Paulinho,100.0,name,https://www.transfermarkt.com/paulinho/profil/spieler/57229,Sporting Covilhã,Retired
648784,Luís Miguel Fernandes Pereira Pinheiro Ferreira,no_match,,,,,,,
649180,Hermenegildo Domingos Sengue,low_confidence,709006.0,Picas,55.0,"name,age±1,club:Fafe",https://www.transfermarkt.com/picas/profil/spieler/709006,Fafe,AD Fafe
649462,João Pedro Vieira Silva,low_confidence,813123.0,João Pedro,80.0,"name,age±1",https://www.transfermarkt.com/joao-pedro/profil/spieler/813123,Vilaverdense,Académica Coimbra
649735,Wilson Silva,low_confidence,276453.0,Wilson Silva,100.0,name,https://www.transfermarkt.com/wilson-silva/profil/spieler/276453,Oliveira Hospital,Retired
650134,Papalélé,low_confidence,723415.0,Papalelé,100.0,name,https://www.transfermarkt.com/papalele/profil/spieler/723415,Anadia,Slezsky FC Opava
650349,João Victor Matos Ferreira,low_confidence,997864.0,João Matos,105.0,"name,age±1,club:Sporting Braga II",https://www.transfermarkt.com/joao-matos/profil/spieler/997864,Sporting Braga II,SC Braga B
650402,Luiz Miguel,low_confidence,729594.0,Luiz Miguel,100.0,name,https://www.transfermarkt.com/luiz-miguel/profil/spieler/729594,Alverca,Retired
650464,Douglão,low_confidence,55255.0,Douglão,100.0,name,https://www.transfermarkt.com/douglao/profil/spieler/55255,Académica,Retired
650485,Matheus Dario,low_confidence,1294429.0,Dário,50.0,name,https://www.transfermarkt.com/dario/profil/spieler/1294429,Sanjoanense,FC Felgueiras 1932
650558,Patrick Nunes de Jesus,low_confidence,792485.0,Patrick,55.0,"name,age±1",https://www.transfermarkt.com/patrick/profil/spieler/792485,Anadia,Guarda FC
650618,Jonathan,low_confidence,533738.0,Jonathan David,50.0,name,https://www.transfermarkt.com/jonathan-david/profil/spieler/533738,União Santarém,Juventus FC
650628,André Luiz Rosa,matched,880120.0,André Rosa,121.7,"name,age±1,club:Trofense",https://www.transfermarkt.com/andre-rosa/profil/spieler/880120,Trofense,CD Trofense
650680,Marcos Paulo Brazion,low_confidence,695236.0,Marquinhos Brazion,55.0,"name,age±1",https://www.transfermarkt.com/marquinhos-brazion/profil/spieler/695236,Sanjoanense,Agremiação Sportiva Arapiraquense (AL)
650763,Eduardo,low_confidence,34159.0,Eduardo,100.0,name,https://www.transfermarkt.com/eduardo/profil/spieler/34159,Oliveira Hospital,Retired
650776,Guilherme Marques,low_confidence,372439.0,Guilherme Marques,100.0,name,https://www.transfermarkt.com/guilherme-marques/profil/spieler/372439,Sanjoanense,Without Club
650811,Yan Maranhão,low_confidence,862568.0,Yan Maranhão,100.0,name,https://www.transfermarkt.com/yan-maranhao/profil/spieler/862568,Anadia,Moreirense FC
650821,Gabriel Passos Alves da Silva,low_confidence,1071065.0,Gabi Passos,71.7,"name,age±1,club:Académica",https://www.transfermarkt.com/gabi-passos/profil/spieler/1071065,Académica,Académica Coimbra
651014,Neemias,low_confidence,979743.0,Neemias,100.0,name,https://www.transfermarkt.com/neemias/profil/spieler/979743,Vilaverdense,FC Lahti
651286,Patrick,low_confidence,3183.0,Patrick Vieira,50.0,name,https://www.transfermarkt.com/patrick-vieira/profil/spieler/3183,Vitória Guimarães II,Retired
651290,Pedro Romano,low_confidence,1063246.0,Pedro Romano,100.0,name,https://www.transfermarkt.com/pedro-romano/profil/spieler/1063246,Oliveira Hospital,Vila Nova Futebol Clube (GO)
651557,João Carlos de Oliveira Junior,low_confidence,1065760.0,Juninho,105.0,"name,age±1,club:São João Ver",https://www.transfermarkt.com/juninho/profil/spieler/1065760,São João Ver,SC São João de Ver
651862,Kauan Ferreira,low_confidence,1499455.0,Kauan Ferreira,100.0,name,https://www.transfermarkt.com/kauan-ferreira/profil/spieler/1499455,União Santarém,Clube do Remo U20
652105,Rodrigo Gaspar  Pacheco Luís,no_match,,,,,,,
654275,David Santos,low_confidence,806982.0,David Santos,100.0,name,https://www.transfermarkt.com/david-santos/profil/spieler/806982,Sporting Covilhã,FC Shamakhi
654818,J. Alcantar,no_match,,,,,,,
655650,A. Alvarado,no_match,,,,,,,
656511,Miguel Falé,low_confidence,742453.0,Miguel Falé,100.0,name,https://www.transfermarkt.com/miguel-fale/profil/spieler/742453,Sporting Braga II,FC Paços de Ferreira
656672,Randy Emeka Obi,low_confidence,743366.0,Randy Obi,96.7,"name,age±1",https://www.transfermarkt.com/randy-obi/profil/spieler/743366,UD Oliveirense,Konosu City
657307,Xinhai Wang,low_confidence,941444.0,Xinhai Wang,100.0,name,https://www.transfermarkt.com/xinhai-wang/profil/spieler/941444,Oriental Dragon,Without Club
658286,João Tiago Mendes Pereira,low_confidence,572926.0,João Pereira,80.0,"name,age±1",https://www.transfermarkt.com/joao-pereira/profil/spieler/572926,Sporting CP II,Portimonense SC
658291,Rui Filipe Estrelinha Carreira,low_confidence,1022945.0,Rui Carreira,105.0,"name,age±1,club:Caldas",https://www.transfermarkt.com/rui-carreira/profil/spieler/1022945,Caldas,Caldas SC
658293,David Miguel Madeira Moreira,matched,1044831.0,David Moreira,130.0,"name,age±1,club:Sporting CP II",https://www.transfermarkt.com/david-moreira/profil/spieler/1044831,Sporting CP II,Sporting CP B
658303,Samuel Justo,matched,726705.0,Samuel Justo,150.0,"name,club:Sporting CP II",https://www.transfermarkt.com/samuel-justo/profil/spieler/726705,Sporting CP II,Sporting CP B
658308,Mateus Fernandes,low_confidence,880245.0,Mateus Fernandes,100.0,name,https://www.transfermarkt.com/mateus-fernandes/profil/spieler/880245,Sporting CP II,West Ham United
658311,Rafael Besugo,matched,950377.0,Rafael Besugo,150.0,"name,club:Sporting CP II",https://www.transfermarkt.com/rafael-besugo/profil/spieler/950377,Sporting CP II,Sporting CP B
658314,Luís Gomes,low_confidence,826490.0,Luís Gomes,100.0,name,https://www.transfermarkt.com/luis-gomes/profil/spieler/826490,Sporting CP II,Estoril Praia U23
658322,Diogo Travassos,low_confidence,478317.0,Diogo Travassos,100.0,name,https://www.transfermarkt.com/diogo-travassos/profil/spieler/478317,Sporting CP II,Moreirense FC
658323,Martim Marques,low_confidence,927734.0,Martim Marques,100.0,name,https://www.transfermarkt.com/martim-marques/profil/spieler/927734,Sporting CP II,FC Lugano
658325,Diego Callai,matched,848875.0,Diego Callai,150.0,"name,club:Sporting CP II",https://www.transfermarkt.com/diego-callai/profil/spieler/848875,Sporting CP II,Sporting CP B
658762,Tulio,low_confidence,59324.0,Tulio,100.0,name,https://www.transfermarkt.com/tulio/profil/spieler/59324,Varzim,Retired
659241,Tiago Filipe Valle Dias,low_confidence,874317.0,Tiago Caveira,75.0,"name,age±1,club:Sporting Covilhã",https://www.transfermarkt.com/tiago-caveira/profil/spieler/874317,Sporting Covilhã,SC Covilhã
659567,Danny Tavares,low_confidence,848947.0,Danny,50.0,name,https://www.transfermarkt.com/danny/profil/spieler/848947,CF Os Belenenses,Union Touarga Sportif
659598,J. Bahamboula,no_match,,,,,,,
660562,Boling Dembélé,matched,741057.0,Boling Dembélé,130.0,"name,age±1",https://www.transfermarkt.com/boling-dembele/profil/spieler/741057,Felgueiras 1932,FC Maia Lidador
661035,Carlos Eduardo,low_confidence,52406.0,Carlos Eduardo,100.0,name,https://www.transfermarkt.com/carlos-eduardo/profil/spieler/52406,Felgueiras 1932,Retired
661310,Timo Parthoens,matched,613116.0,Timo Parthoens,130.0,"name,age±1",https://www.transfermarkt.com/timo-parthoens/profil/spieler/613116,1º Dezembro,Without Club
661737,Matheus Julião,low_confidence,1083883.0,Matheus Julião,100.0,name,https://www.transfermarkt.com/matheus-juliao/profil/spieler/1083883,União Santarém,AD Confiança
661749,Talles Wander Santos Ribeiro,low_confidence,980866.0,Talles Wander,105.0,"name,age±1,club:Sanjoanense",https://www.transfermarkt.com/talles-wander/profil/spieler/980866,Sanjoanense,AD Sanjoanense
661812,Gustavo Gonçalves Lobo,matched,1084668.0,Gustavo Lobo,121.7,"name,age±1,club:Trofense",https://www.transfermarkt.com/gustavo-lobo/profil/spieler/1084668,Trofense,CD Trofense
661942,Tuga,low_confidence,3703.0,Tugay Kerimoğlu,0.0,name,https://www.transfermarkt.com/tugay-kerimoglu/profil/spieler/3703,1º Dezembro,Retired
661943,Ary Garcia,low_confidence,668261.0,Ary Garcia,100.0,name,https://www.transfermarkt.com/ary-garcia/profil/spieler/668261,Sanjoanense,Azuriz FC
661990,Jean Sales,low_confidence,1056439.0,Jean Sales,100.0,name,https://www.transfermarkt.com/jean-sales/profil/spieler/1056439,Alverca,CD Santa Clara U23
663625,Rui Pedro Pereira Morgado,low_confidence,789578.0,Ruca Morgado,50.0,"name,age±1",https://www.transfermarkt.com/ruca-morgado/profil/spieler/789578,Vitória Setúbal,Anadia FC
663641,João Pedro Figueiredo Alves,no_match,,,,,,,
663645,J. Gorby,no_match,,,,,,,
663652,Álvaro Calebe  Sanches de Aquino,no_match,,,,,,,
663656,Gonçalo Batista,low_confidence,649292.0,Gonçalo Batista,100.0,name,https://www.transfermarkt.com/goncalo-batista/profil/spieler/649292,Vitória Setúbal,RD Águeda
663669,Miguel Mota,low_confidence,864318.0,Miguel Mota,100.0,name,https://www.transfermarkt.com/miguel-mota/profil/spieler/864318,Montalegre,Retired
663671,NOME João Miguel Nadais Rodrigues Martins,no_match,,,,,,,
663672,João Pedro Cardoso Couto,low_confidence,1064734.0,João Couto,105.0,"name,age±1,club:Sanjoanense",https://www.transfermarkt.com/joao-couto/profil/spieler/1064734,Sanjoanense,AD Sanjoanense
663677,Isnaba Fidaiba Silva Graça,no_match,,,,,,,
663679,Carlos Avelino Moreira Ferreira,low_confidence,818204.0,Avelino,55.0,"name,age±1",https://www.transfermarkt.com/avelino/profil/spieler/818204,Sanjoanense,Leça FC
663909,Duarte  Quindera Maneta,no_match,,,,,,,
663913,João Soares,low_confidence,1501441.0,João Soares,100.0,name,https://www.transfermarkt.com/joao-soares/profil/spieler/1501441,Canelas 2010,Real Soccer U20
670022,Hyppolite Orelien Ekanga Ondoa,low_confidence,1072681.0,Ekanga,55.0,"name,age±1",https://www.transfermarkt.com/ekanga/profil/spieler/1072681,Atlético CP,GD Vitória Sernache
672523,Moussa Diarra,matched,851428.0,Moussa Diarra,155.0,"name,age±1,club:Trofense",https://www.transfermarkt.com/moussa-diarra/profil/spieler/851428,Trofense,CD Trofense
674098,Gonçalo Luís  Lima Machado,no_match,,,,,,,
674104,Ricardo Rei,low_confidence,935478.0,Ricardo Rei,100.0,name,https://www.transfermarkt.com/ricardo-rei/profil/spieler/935478,Sporting Braga II,SCU Torreense Sub-23
674106,João Pedro  Alves Magalhães,no_match,,,,,,,
674107,Martim  Silva Duarte,no_match,,,,,,,
674108,José Gonçalo  Ferreira Pereira,no_match,,,,,,,
674110,Rodrigo Beirão,low_confidence,881486.0,Rodrigo Beirão,100.0,name,https://www.transfermarkt.com/rodrigo-beirao/profil/spieler/881486,Sporting Braga II,FC Vizela
674111,João Santos,low_confidence,947236.0,João Santos,100.0,name,https://www.transfermarkt.com/joao-santos/profil/spieler/947236,Oliveira Hospital,Without Club
674113,Rodrigo Macedo,low_confidence,752594.0,Rodrigo Macedo,100.0,name,https://www.transfermarkt.com/rodrigo-macedo/profil/spieler/752594,Sporting Braga II,Without Club
674118,João Dinis  Vilela Gama Ribeiro Faria,no_match,,,,,,,
676124,Pavlos Karvounis,matched,655665.0,Pavlos Karvounis,180.0,"name,age±1,club:1º Dezembro",https://www.transfermarkt.com/pavlos-karvounis/profil/spieler/655665,1º Dezembro,SU 1º Dezembro
676147,Badra Ali Camara,matched,786705.0,Ali Camara,121.7,"name,age±1,club:Amora",https://www.transfermarkt.com/ali-camara/profil/spieler/786705,Amora,Amora FC
677169,Lucas Duarte,low_confidence,979486.0,Lucas Duarte,100.0,name,https://www.transfermarkt.com/lucas-duarte/profil/spieler/979486,Sporting Covilhã,FC Felgueiras 1932
677313,Francisco Manuel González Verjara,no_match,,,,,,,
678742,I. McNeil LeFlore,no_match,,,,,,,
678860,B. Godwin,no_match,,,,,,,
679316,S. Osei,no_match,,,,,,,
685389,Alexandre Iria Santos Moutinho,low_confidence,818286.0,Alexandre Moutinho,80.0,"name,age±1",https://www.transfermarkt.com/alexandre-moutinho/profil/spieler/818286,Oliveira Hospital,Portimonense SC
685390,Francisco João Rodrigues Baptista Monteiro Pereira,no_match,,,,,,,
686039,João Pedro Fernandes Pais,low_confidence,813458.0,João Pais,80.0,"name,age±1",https://www.transfermarkt.com/joao-pais/profil/spieler/813458,Académica,Mortágua FC
686140,João Miguel Pinho Castro,low_confidence,820247.0,João Castro,80.0,"name,age±1",https://www.transfermarkt.com/joao-castro/profil/spieler/820247,Pêro Pinheiro,AD Oeiras
686316,M. Jean-Marie,no_match,,,,,,,
688921,André Lacximicant,low_confidence,752442.0,André Lacximicant,100.0,name,https://www.transfermarkt.com/andre-lacximicant/profil/spieler/752442,Sporting Braga II,GD Estoril Praia
689107,Renato Veiga,low_confidence,805714.0,Renato Veiga,100.0,name,https://www.transfermarkt.com/renato-veiga/profil/spieler/805714,Sporting CP II,Villarreal CF
689139,Lucas Silva Ferreira,low_confidence,816839.0,Lucas Silva,96.7,"name,age±1",https://www.transfermarkt.com/lucas-silva/profil/spieler/816839,Trofense,Anadia FC
689471,Francisco Paulo Franco França,low_confidence,744179.0,Francisco França,105.0,"name,age±1,club:Varzim",https://www.transfermarkt.com/francisco-franca/profil/spieler/744179,Varzim,Varzim SC
689477,Francisco Enes Guimarães,low_confidence,740169.0,Francisco Enes,96.7,"name,age±1",https://www.transfermarkt.com/francisco-enes/profil/spieler/740169,Fafe,CF União Lamas
689482,Rafael  Rodrigues Tavares,no_match,,,,,,,
689959,Bruno Micael Veiga Évora,low_confidence,816524.0,Mica Évora,50.0,"name,age±1",https://www.transfermarkt.com/mica-evora/profil/spieler/816524,Anadia,AC Malveira
690301,Davis Silva do Nascimento,low_confidence,1074124.0,Davis,80.0,"name,age±1,club:Fafe",https://www.transfermarkt.com/davis/profil/spieler/1074124,Fafe,AD Fafe
690309,Se-Na Yang,matched,817398.0,Se-na Yang,130.0,"name,age±1",https://www.transfermarkt.com/se-na-yang/profil/spieler/817398,Sanjoanense,Without Club
690434,Vitinho,low_confidence,213605.0,Vitinho,100.0,name,https://www.transfermarkt.com/vitinho/profil/spieler/213605,Anadia,Sport Club Corinthians Paulista
690443,Vitinho,low_confidence,213605.0,Vitinho,100.0,name,https://www.transfermarkt.com/vitinho/profil/spieler/213605,1º Dezembro,Sport Club Corinthians Paulista
694307,Ykaro Toledo E Toledo,matched,1083968.0,Ykaro,138.3,"name,age±1,club:AD Marco 09",https://www.transfermarkt.com/ykaro/profil/spieler/1083968,AD Marco 09,AD Marco 09
695329,Ronaldo Lumungo,low_confidence,836182.0,Ronaldo Lumungo,100.0,name,https://www.transfermarkt.com/ronaldo-lumungo/profil/spieler/836182,Oliveira Hospital,FC Paços de Ferreira
695334,Rafael Busqueti de Souza,low_confidence,1101106.0,Rafael Busqueti,80.0,"name,age±1",https://www.transfermarkt.com/rafael-busqueti/profil/spieler/1101106,Moncarapachense,Retired
696827,J. Kouban Mbanga,no_match,,,,,,,
697042,Tiago Simões,low_confidence,825847.0,Tiago Simões,100.0,name,https://www.transfermarkt.com/tiago-simoes/profil/spieler/825847,1º Dezembro,GD Chaves
697045,Vitor Wang,low_confidence,825846.0,Vítor Wang,100.0,name,https://www.transfermarkt.com/vitor-wang/profil/spieler/825846,Cova da Piedade,Without Club
697288,Francisco Azevedo de Félix Silva,low_confidence,828458.0,Kiko Félix,71.7,"name,age±1,club:Sanjoanense",https://www.transfermarkt.com/kiko-felix/profil/spieler/828458,Sanjoanense,AD Sanjoanense
697308,Ouvido Lourenço Cruz Pontes,low_confidence,1068024.0,Ouvido Lourenço,80.0,"name,age±1",https://www.transfermarkt.com/ouvido-lourenco/profil/spieler/1068024,Canelas 2010,AD Machico
697326,Eduino Júnior,low_confidence,848948.0,Toni,55.0,"name,age±1,club:Amora",https://www.transfermarkt.com/toni/profil/spieler/848948,Amora,Amora FC
697369,Marcelo Bernardo Santos Marquês,low_confidence,946299.0,Marcelo Marquês,80.0,"name,age±1",https://www.transfermarkt.com/marcelo-marques/profil/spieler/946299,Caldas,GD Peniche
697370,Ivo Bernardino Ferreira Palhava Nabais,low_confidence,847601.0,Ivo Nabais,70.0,"name,age±1",https://www.transfermarkt.com/ivo-nabais/profil/spieler/847601,Caldas,UD Serra
698932,José Pedro Ascenção Simão,no_match,,,,,,,
699116,Alexandre Azambuja  Farmer,no_match,,,,,,,
699479,Marcos Vinicius Rosa Soares,matched,828870.0,Marcos Soares,155.0,"name,age±1,club:Lusitano Évora 1911",https://www.transfermarkt.com/marcos-soares/profil/spieler/828870,Lusitano Évora 1911,Associação Lusitano de Évora 1911
700171,Ricardo Vaz Afonso Fernandes,low_confidence,830767.0,Ricardo Fernandes,80.0,"name,age±1",https://www.transfermarkt.com/ricardo-fernandes/profil/spieler/830767,União Santarém,FC Oliveira do Hospital
702468,Sylvestre Gabriel Gomes Costa,low_confidence,775177.0,Sylvestre,55.0,"name,age±1",https://www.transfermarkt.com/sylvestre/profil/spieler/775177,Vitória Guimarães II,Anadia FC
703835,Hugo Miguel Santos Costa,low_confidence,936960.0,Hugo Costa,80.0,"name,age±1",https://www.transfermarkt.com/hugo-costa/profil/spieler/936960,Amora,Retired
703964,I. Bamba,no_match,,,,,,,
703970,João Costa,low_confidence,936536.0,João Costa,100.0,name,https://www.transfermarkt.com/joao-costa/profil/spieler/936536,Alverca,Al-Ettifaq FC
704867,Zack Aguiar Blackwell,low_confidence,817531.0,Zack Blackwell,96.7,"name,age±1",https://www.transfermarkt.com/zack-blackwell/profil/spieler/817531,Real SC,AC Malveira
705565,S. Saatçı,no_match,,,,,,,
705903,Rodrigo Martinho dos Santos Martins,low_confidence,840504.0,Rodrigo Martins,70.0,"name,age±1",https://www.transfermarkt.com/rodrigo-martins/profil/spieler/840504,Real SC,CA Pêro Pinheiro
706259,Diogo Rafael Gomes Cabral,low_confidence,840690.0,Dudá,105.0,"name,age±1,club:CF Os Belenenses",https://www.transfermarkt.com/duda/profil/spieler/840690,CF Os Belenenses,CF Os Belenenses
706810,Safrai,no_match,,,,,,,
707558,Graça Jesus Fábio Bruno,no_match,,,,,,,
707559,Henrique Grencha Soares Henriques,low_confidence,852211.0,Henrique Henriques,80.0,"name,age±1",https://www.transfermarkt.com/henrique-henriques/profil/spieler/852211,Caldas,SU Sintrense
707598,Alves Júnior Osvani,no_match,,,,,,,
707602,David Pimentel Calderón,low_confidence,736961.0,David Calderón,96.7,"name,age±1",https://www.transfermarkt.com/david-calderon/profil/spieler/736961,Moncarapachense,SG Sacavenense
708644,Bruno Miguel Martins Guimarães,matched,893768.0,Bruno Guimarães,155.0,"name,age±1,club:AD Marco 09",https://www.transfermarkt.com/bruno-guimaraes/profil/spieler/893768,AD Marco 09,AD Marco 09
708718,João Gabriel Carvalho Castro,low_confidence,842729.0,Gabi,30.0,"name,age±1",https://www.transfermarkt.com/gabi/profil/spieler/842729,Fafe,UD Santa Marta
708775,José Pedro Nogueira Couto,matched,1060292.0,Zé Couto,125.0,"name,age±1,club:AD Marco 09",https://www.transfermarkt.com/ze-couto/profil/spieler/1060292,AD Marco 09,AD Marco 09
708950,Lucas Gomes Torres Vieira Lima,low_confidence,950920.0,Lucas Lima,70.0,"name,age±1",https://www.transfermarkt.com/lucas-lima/profil/spieler/950920,Oliveira Hospital,AD Ovarense
709015,Tamble Monteiro,low_confidence,842517.0,Tamble,50.0,name,https://www.transfermarkt.com/tamble/profil/spieler/842517,Felgueiras 1932,Rio Ave FC
709060,Rodrigo Poças Marques,no_match,,,,,,,
709354,Mamor Niang,matched,715650.0,Mamor Niang,155.0,"name,age±1,club:Mafra",https://www.transfermarkt.com/mamor-niang/profil/spieler/715650,Mafra,CD Mafra
709466,Caio Henrique Dias Ribas de Araújo,no_match,,,,,,,
709482,António Fernando Silva Pacheco Loureiro,low_confidence,825757.0,Nando,55.0,"name,age±1,club:Sanjoanense",https://www.transfermarkt.com/nando/profil/spieler/825757,Sanjoanense,AD Sanjoanense
709721,Leandro Rafael Lopes Marques,low_confidence,893245.0,Leandro Marques,80.0,"name,age±1",https://www.transfermarkt.com/leandro-marques/profil/spieler/893245,Pevidém,Unknown
709736,Cândido António dos Santos,low_confidence,1067162.0,Cândido,55.0,"name,age±1",https://www.transfermarkt.com/candido/profil/spieler/1067162,Sporting Covilhã,Juventude Évora SC
709737,Aboubacar Katty,no_match,,,,,,,
709743,Eduardo Carvalho Souza,matched,1063166.0,Eduardo Souza,121.7,"name,age±1,club:União Santarém",https://www.transfermarkt.com/eduardo-souza/profil/spieler/1063166,União Santarém,UD Santarém
709786,Rodrigo Tomás Simões Dias,matched,1222844.0,Rodrigo Dias,130.0,"name,age±1,club:Atlético CP",https://www.transfermarkt.com/rodrigo-dias/profil/spieler/1222844,Atlético CP,Atlético CP
709803,Eirô,low_confidence,8198.0,Cristiano Ronaldo,0.0,name,https://www.transfermarkt.com/cristiano-ronaldo/profil/spieler/8198,Sporting Braga II,Al-Nassr FC
709814,António Maia Fradique Alves,low_confidence,946614.0,António Alves,80.0,"name,age±1",https://www.transfermarkt.com/antonio-alves/profil/spieler/946614,Vianense,Without Club
709817,Bruno Miguel Pereira Araújo Silva,low_confidence,954747.0,Bruno Silva,70.0,"name,age±1",https://www.transfermarkt.com/bruno-silva/profil/spieler/954747,União Santarém,SC Vianense
709819,Jailson  Gomes,no_match,,,,,,,
709838,Welisson Costa Santos,low_confidence,684236.0,Welisson,88.3,"name,age±1,club:Trofense",https://www.transfermarkt.com/welisson/profil/spieler/684236,Trofense,CD Trofense
709890,Leandro Vieira,low_confidence,32725.0,Leandro Vieira,100.0,name,https://www.transfermarkt.com/leandro-vieira/profil/spieler/32725,Fontinhas,Retired
710097,Jinyoung Yuk,no_match,,,,,,,
711232,Caio Gabriel Chagas Barros,low_confidence,830432.0,Caio Carioca,50.0,"name,age±1",https://www.transfermarkt.com/caio-carioca/profil/spieler/830432,Cova da Piedade,LGC Moncarapachense
713985,Gonçalo Nogueira,matched,877140.0,Gonçalo Nogueira,150.0,"name,club:Vitória Guimarães II",https://www.transfermarkt.com/goncalo-nogueira/profil/spieler/877140,Vitória Guimarães II,Vitória Guimarães SC
714355,Francisco António Gomes,low_confidence,1460594.0,Tonho,0.0,name,https://www.transfermarkt.com/tonho/profil/spieler/1460594,Fafe,Retired
715406,M. Sangaré,no_match,,,,,,,
715509,Paulo Costa,low_confidence,6177.0,Paulo Costa,100.0,name,https://www.transfermarkt.com/paulo-costa/profil/spieler/6177,Real SC,Retired
715681,Pablo Veloso,low_confidence,834307.0,Pablo Veloso,100.0,name,https://www.transfermarkt.com/pablo-veloso/profil/spieler/834307,Oliveira Hospital,Ironi Modiin
716142,Pedro Bondo,low_confidence,847484.0,Pedro Bondo,100.0,name,https://www.transfermarkt.com/pedro-bondo/profil/spieler/847484,Sporting CP II,FC Famalicão
718518,Rodrigo Pereira,low_confidence,891973.0,Rodrigo Pereira,100.0,name,https://www.transfermarkt.com/rodrigo-pereira/profil/spieler/891973,CF Os Belenenses,Mérida AD
720079,Júlio Miguel Teles Sousa,low_confidence,1209156.0,Júlio Sousa,80.0,"name,age±1",https://www.transfermarkt.com/julio-sousa/profil/spieler/1209156,Caldas,Without Club
720081,Gonçalo Rodrigues Barreiras,low_confidence,1071612.0,Gonças,55.0,"name,age±1,club:Caldas",https://www.transfermarkt.com/goncas/profil/spieler/1071612,Caldas,Caldas SC
720085,David Guerra Santos,low_confidence,1171738.0,Pisco,30.0,"name,age±1",https://www.transfermarkt.com/pisco/profil/spieler/1171738,Caldas,GD Nazarenos
721145,Rohun Kawale,matched,1060603.0,Rohun Kawale,130.0,"name,age±1",https://www.transfermarkt.com/rohun-kawale/profil/spieler/1060603,Montalegre,Mikkelin Palloilijat
726886,Rafael Diogo  Teixeira Flores,no_match,,,,,,,
727809,Daniel Benchimol Pereira Silva,low_confidence,865782.0,Dani Benchi,55.0,"name,age±1,club:Varzim",https://www.transfermarkt.com/dani-benchi/profil/spieler/865782,Varzim,Varzim SC
729086,Nicolas Perez Meek,low_confidence,958096.0,Nico Meek,55.0,"name,age±1",https://www.transfermarkt.com/nico-meek/profil/spieler/958096,Sanjoanense,Without Club
729649,A. Fatawu,no_match,,,,,,,
729682,Clelio Gustavo Nnachi Espinoza,low_confidence,718985.0,Gustavo Nnachi,80.0,"name,age±1",https://www.transfermarkt.com/gustavo-nnachi/profil/spieler/718985,Vitória Guimarães II,Daquilema FC
729787,L. Jallow,no_match,,,,,,,
730723,Rodrigo Vieira Fajardo,low_confidence,875390.0,Rodrigo Fajardo,96.7,"name,age±1",https://www.transfermarkt.com/rodrigo-fajardo/profil/spieler/875390,Oliveira Hospital,CF Os Marialvas
730724,A. Magalhães,no_match,,,,,,,
731247,Diogo Carneiro Nascimento,matched,1067165.0,Diogo Nascimento,121.7,"name,age±1,club:Amarante",https://www.transfermarkt.com/diogo-nascimento/profil/spieler/1067165,Amarante,Amarante FC
732096,Mário Junior,low_confidence,863667.0,Mário Júnior,100.0,name,https://www.transfermarkt.com/mario-junior/profil/spieler/863667,Sporting Braga II,FC Felgueiras 1932
732230,Camilo Andrés Acosta Piñerez,matched,910646.0,Camilo Acosta,155.0,"name,age±1,club:CF Os Belenenses",https://www.transfermarkt.com/camilo-acosta/profil/spieler/910646,CF Os Belenenses,CF Os Belenenses
732438,Alberto Costa,low_confidence,877139.0,Alberto Costa,100.0,name,https://www.transfermarkt.com/alberto-costa/profil/spieler/877139,Vitória Guimarães II,FC Porto
732644,Diogo Filipe dos Santos Grácio,low_confidence,1077055.0,Diogo Grácio,70.0,"name,age±1",https://www.transfermarkt.com/diogo-gracio/profil/spieler/1077055,Oliveira Hospital,O Elvas CAD
732918,Daniel Gaudêncio Carvalho,no_match,,,,,,,
736860,M. Adams,no_match,,,,,,,
737723,Lourenço Moreira de Miranda e Magalhães Teixeira,no_match,,,,,,,
738088,Guilherme Willian da Silva,low_confidence,842444.0,Gui Silva,75.0,"name,age±1,club:Académica",https://www.transfermarkt.com/gui-silva/profil/spieler/842444,Académica,Académica Coimbra
738951,Francisco Warllison Rodrigues Oliveira,no_match,,,,,,,
739504,Rodrigo Nunes  Figueiredo,no_match,,,,,,,
741806,Vicente Polido Durand,matched,933719.0,Vicente Durand,146.7,"name,age±1,club:Atlético CP",https://www.transfermarkt.com/vicente-durand/profil/spieler/933719,Atlético CP,Atlético CP
741810,Gonçalo Adão  Duarte Costa,no_match,,,,,,,
746130,Bruno,low_confidence,240306.0,Bruno Fernandes,50.0,name,https://www.transfermarkt.com/bruno-fernandes/profil/spieler/240306,Canelas 2010,Manchester United
747023,Eduardo Barbosa,low_confidence,549002.0,Eduardo Barbosa,100.0,name,https://www.transfermarkt.com/eduardo-barbosa/profil/spieler/549002,Vilaverdense,PSBS Biak
747049,Rodrigo Henriques Elias de Matos,low_confidence,858250.0,Rodri,55.0,"name,age±1,club:Mafra",https://www.transfermarkt.com/rodri/profil/spieler/858250,Mafra,CD Mafra
749470,Gonçalo  Borges Oliveira,no_match,,,,,,,
749611,José Melro,low_confidence,939765.0,José Melro,100.0,name,https://www.transfermarkt.com/jose-melro/profil/spieler/939765,União Santarém,CS Marítimo
749967,Tomás Simões Marques,matched,898714.0,Tomás Marques,121.7,"name,age±1,club:Sporting Braga II",https://www.transfermarkt.com/tomas-marques/profil/spieler/898714,Sporting Braga II,SC Braga B
749969,Francisco Chissumba,low_confidence,898721.0,Chissumba,50.0,name,https://www.transfermarkt.com/chissumba/profil/spieler/898721,Sporting Braga II,FC Alverca
750503,Jonnathan Luís dos Santos Lima,low_confidence,942592.0,Jonnathan Lima,70.0,"name,age±1",https://www.transfermarkt.com/jonnathan-lima/profil/spieler/942592,Amora,SC Mirandela
750852,Rafael Pontelo,low_confidence,974506.0,Rafael Pontelo,100.0,name,https://www.transfermarkt.com/rafael-pontelo/profil/spieler/974506,Sporting CP II,SC Farense
751971,Andrey Souza Lima Abadia,low_confidence,1074481.0,Andrey,80.0,"name,age±1,club:Mafra",https://www.transfermarkt.com/andrey/profil/spieler/1074481,Mafra,CD Mafra
752710,Thiago Balieiro Lourenço de Carvalho,matched,984093.0,Thiago Balieiro,120.0,"name,age±1,club:Vitória Guimarães II",https://www.transfermarkt.com/thiago-balieiro/profil/spieler/984093,Vitória Guimarães II,Vitória Guimarães SC
754597,Isaac,low_confidence,1084667.0,Isaac,100.0,name,https://www.transfermarkt.com/isaac/profil/spieler/1084667,1º Dezembro,Club Athletico Paranaense
754670,Jan Dahlke,matched,454228.0,Jan Dahlke,130.0,"name,age±1",https://www.transfermarkt.com/jan-dahlke/profil/spieler/454228,1º Dezembro,KSV Hessen Kassel
754903,Roger,low_confidence,176053.0,Roger Hunt,50.0,name,https://www.transfermarkt.com/roger-hunt/profil/spieler/176053,Sporting Braga II,---
754904,André Seruca,low_confidence,683538.0,André Seruca,100.0,name,https://www.transfermarkt.com/andre-seruca/profil/spieler/683538,Amora,Sliema Wanderers
758190,Lucas Furtado dos Santos,matched,1087843.0,Lucas Furtado,130.0,"name,age±1,club:Vitória Guimarães II",https://www.transfermarkt.com/lucas-furtado/profil/spieler/1087843,Vitória Guimarães II,Vitória Guimarães SC B
758196,Lucas Moreira,low_confidence,321873.0,Lucas Moreira,100.0,name,https://www.transfermarkt.com/lucas-moreira/profil/spieler/321873,Varzim,FSV Hesedorf/Nartum
759903,Tiago  Ventura da Silva,no_match,,,,,,,
760038,Diogo Alexandre Gama Cornélio,low_confidence,912816.0,Diogo Cornélio,80.0,"name,age±1",https://www.transfermarkt.com/diogo-cornelio/profil/spieler/912816,Sporting Covilhã,Benfica Castelo Branco
762387,J. Mendes Rodrigues,no_match,,,,,,,
762474,V. Kobylyanskyi,no_match,,,,,,,
764728,Joao Bernado da Silva Costa,no_match,,,,,,,
766679,Filipe Santos Carvallho,no_match,,,,,,,
766686,Balotelli,low_confidence,1145822.0,Kléber Balotelli,75.0,"name,club:Atlético CP",https://www.transfermarkt.com/kleber-balotelli/profil/spieler/1145822,Atlético CP,Nacional Atlético Clube (SP)
766700,Amadu Baldé,low_confidence,765388.0,Amadu Baldé,100.0,name,https://www.transfermarkt.com/amadu-balde/profil/spieler/765388,Sporting CP II,Retired
766758,Lucas Filipe da Silva Dias,low_confidence,808573.0,Lucas Dias,70.0,"name,age±1",https://www.transfermarkt.com/lucas-dias/profil/spieler/808573,1º Dezembro,Sporting CP B
766918,Tiago André Madeira Oliveira,low_confidence,925416.0,Tiago Madeira,105.0,"name,age±1,club:União Santarém",https://www.transfermarkt.com/tiago-madeira/profil/spieler/925416,União Santarém,UD Santarém
767405,Ni,low_confidence,927107.0,Ni,100.0,name,https://www.transfermarkt.com/nitm/profil/spieler/927107,Académica,CF Estrela Amadora
767423,Francisco Antunes Lopes,low_confidence,927600.0,Stitch,55.0,"name,age±1,club:Varzim",https://www.transfermarkt.com/stitch/profil/spieler/927600,Varzim,Varzim SC
767425,Diogo Amaro,low_confidence,927608.0,Diogo Amaro,100.0,name,https://www.transfermarkt.com/diogo-amaro/profil/spieler/927608,Académica,Al-Sailiya SC
768709,Miguel  Carvalho Vieira,no_match,,,,,,,
769920,Diogo Costa,low_confidence,357153.0,Diogo Costa,100.0,name,https://www.transfermarkt.com/diogo-costa/profil/spieler/357153,Académica,FC Porto
769928,Rodrigo Melro,low_confidence,927636.0,Rodrigo Melro,100.0,name,https://www.transfermarkt.com/rodrigo-melro/profil/spieler/927636,Trofense,GD Chaves
769960,Daniel Magalhães Marques,low_confidence,927646.0,Daniel Marques,96.7,"name,age±1",https://www.transfermarkt.com/daniel-marques/profil/spieler/927646,Sanjoanense,Florgrade FC
770280,J. Marcelo,no_match,,,,,,,
770289,Egbe Gabriel Okebe,no_match,,,,,,,
770323,T. Hirosawa,no_match,,,,,,,
771402,V. de Sousa Zacarias,no_match,,,,,,,
771718,Pedro Miguéis,matched,934032.0,Pedro Miguéis,150.0,"name,club:Sporting CP II",https://www.transfermarkt.com/pedro-migueis/profil/spieler/934032,Sporting CP II,Sporting CP B
771772,Isaac Bernardo Neto Monteiro,low_confidence,929867.0,Isaac Monteiro,80.0,"name,age±1",https://www.transfermarkt.com/isaac-monteiro/profil/spieler/929867,Sporting Covilhã,Anadia FC
771773,João Gonçalo Carapinha Carvalho,low_confidence,929868.0,João Carvalho,105.0,"name,age±1,club:Sporting Braga II",https://www.transfermarkt.com/joao-carvalho/profil/spieler/929868,Sporting Braga II,SC Braga B
772498,J. Kooner,no_match,,,,,,,
772502,Gonçalo Ferreira Cunha,no_match,,,,,,,
774373,Cássio Luís Gomes Nascimento,low_confidence,833510.0,Cássio,55.0,"name,age±1",https://www.transfermarkt.com/cassio/profil/spieler/833510,São João Ver,AD Limianos
775316,Tiago Ramos Augusto,matched,803002.0,Tiago Augusto,121.7,"name,age±1,club:Académica",https://www.transfermarkt.com/tiago-augusto/profil/spieler/803002,Académica,Académica Coimbra
775318,Rodrigo Marquês,low_confidence,420505.0,Rodrigo Marques,100.0,name,https://www.transfermarkt.com/rodrigo-marques/profil/spieler/420505,Sporting CP II,Retired
776475,José Pedro Jesus Santa Precatado Marques,low_confidence,670685.0,Precatado,71.7,"name,age±1,club:Mafra",https://www.transfermarkt.com/precatado/profil/spieler/670685,Mafra,CD Mafra
776527,Kaylan,low_confidence,449645.0,Kaylan Rumbo,50.0,name,https://www.transfermarkt.com/kaylan-rumbo/profil/spieler/449645,Lusitânia,Retired
776555,José Pedro Almeida Macedo,low_confidence,637793.0,Zé Macedo,75.0,"name,age±1,club:Paredes",https://www.transfermarkt.com/ze-macedo/profil/spieler/637793,Paredes,USC Paredes
776666,Gustavo Rocha De Barros,low_confidence,935479.0,Guga,55.0,"name,age±1,club:Amora",https://www.transfermarkt.com/guga/profil/spieler/935479,Amora,Amora FC
776674,Gonçalo Braga,low_confidence,984582.0,Gonçalo Braga,100.0,name,https://www.transfermarkt.com/goncalo-braga/profil/spieler/984582,Sporting CP II,Lusitânia FC Lourosa
776681,João Muniz,matched,984439.0,João Muniz,150.0,"name,club:Sporting CP II",https://www.transfermarkt.com/joao-muniz/profil/spieler/984439,Sporting CP II,Sporting CP B
776714,Henrique Arreiol,low_confidence,905345.0,Henrique Arreiol,100.0,name,https://www.transfermarkt.com/henrique-arreiol/profil/spieler/905345,Sporting CP II,Legia Warszawa
776749,Afonso Moreira,low_confidence,952282.0,Afonso Moreira,100.0,name,https://www.transfermarkt.com/afonso-moreira/profil/spieler/952282,Sporting CP II,Olympique Lyon
777757,Ricardo Jorge Fernandes Ribeiro,low_confidence,937731.0,Rika,80.0,"name,age±1,club:Vitória Guimarães II",https://www.transfermarkt.com/rika/profil/spieler/937731,Vitória Guimarães II,Vitória Guimarães SC B
777772,Diogo Lobão de Sousa,matched,937729.0,Diogo Sousa,130.0,"name,age±1,club:Vitória Guimarães II",https://www.transfermarkt.com/diogo-sousa/profil/spieler/937729,Vitória Guimarães II,Vitória Guimarães SC
778597,Marheus Silva Brito,no_match,,,,,,,
781891,Pedro Miguel Silva Marques,matched,938749.0,Pedro Marques,155.0,"name,age±1,club:São João Ver",https://www.transfermarkt.com/pedro-marques/profil/spieler/938749,São João Ver,SC São João de Ver
786686,Iván Fresneda,matched,946883.0,Iván Fresneda,150.0,"name,club:Sporting CP II",https://www.transfermarkt.com/ivan-fresneda/profil/spieler/946883,Sporting CP II,Sporting CP
788491,António João Gonçalves Infante,low_confidence,959680.0,Kamika,80.0,"name,age±1,club:1º Dezembro",https://www.transfermarkt.com/kamika/profil/spieler/959680,1º Dezembro,SU 1º Dezembro
788747,Ângelo Filipe Barbosa Coelho,low_confidence,858937.0,Nani,30.0,"name,age±1",https://www.transfermarkt.com/nani/profil/spieler/858937,Fafe,União Nogueirense FC
789520,Guilherme Miguel Beirão Pio,low_confidence,549011.0,Guilherme Pio,80.0,"name,age±1",https://www.transfermarkt.com/guilherme-pio/profil/spieler/549011,Montalegre,GD Lagoa
790480,Pedro Peralta Gonçalves,matched,961355.0,Pedro Peralta,146.7,"name,age±1,club:Oliveira Hospital",https://www.transfermarkt.com/pedro-peralta/profil/spieler/961355,Oliveira Hospital,FC Oliveira do Hospital
792327,Martim Sá Boloto Magalhães Coelho,no_match,,,,,,,
793648,Afonso Silva,matched,941937.0,Afonso Silva,150.0,"name,club:Felgueiras 1932",https://www.transfermarkt.com/afonso-silva/profil/spieler/941937,Felgueiras 1932,FC Felgueiras 1932
796960,Carlos Augusto Manuel Balsa,low_confidence,888374.0,Carlos Balsa,105.0,"name,age±1,club:Sporting Covilhã",https://www.transfermarkt.com/carlos-balsa/profil/spieler/888374,Sporting Covilhã,SC Covilhã
801122,David Peres Polito,low_confidence,1090777.0,David Peres,96.7,"name,age±1",https://www.transfermarkt.com/david-peres/profil/spieler/1090777,Sanjoanense,Benfica Castelo Branco
801527,Jeferson Cavalcante Fernandes Filho,low_confidence,992533.0,Jefinho,30.0,"name,age±1",https://www.transfermarkt.com/jefinho/profil/spieler/992533,Lusitânia,Without Club
801568,Pedro Henrique Fernandes Clemente,low_confidence,1082970.0,Pedro Clemente,105.0,"name,age±1,club:Varzim",https://www.transfermarkt.com/pedro-clemente/profil/spieler/1082970,Varzim,Varzim SC
801572,Kauan Kelvin Magalhães da Silva,low_confidence,997467.0,Kauan Kelvin,95.0,"name,age±1,club:Sporting Braga II",https://www.transfermarkt.com/kauan-kelvin/profil/spieler/997467,Sporting Braga II,SC Braga B
801870,Rafael Alexandre Vicente Alcobia,low_confidence,916954.0,Alcobia,105.0,"name,age±1,club:Vitória Guimarães II",https://www.transfermarkt.com/alcobia/profil/spieler/916954,Vitória Guimarães II,Vitória Guimarães SC B
802171,D'Ávila,low_confidence,1093129.0,D'Ávila,100.0,name,https://www.transfermarkt.com/davila/profil/spieler/1093129,Sporting Braga II,CA Assisense (SP)
802428,Kauã Oliveira,matched,1097470.0,Kauã Oliveira,150.0,"name,club:Sporting CP II",https://www.transfermarkt.com/kaua-oliveira/profil/spieler/1097470,Sporting CP II,Sporting CP B
802866,Éberth Araújo Nogueira,low_confidence,1090820.0,Éberth,88.3,"name,age±1,club:União Santarém",https://www.transfermarkt.com/eberth/profil/spieler/1090820,União Santarém,UD Santarém
802979,Leonardo Balsamo,matched,1315952.0,Leonardo Balsamo,130.0,"name,age±1",https://www.transfermarkt.com/leonardo-balsamo/profil/spieler/1315952,Anadia,Without Club
803182,Gustavo França,low_confidence,919745.0,Gustavo França,100.0,name,https://www.transfermarkt.com/gustavo-franca/profil/spieler/919745,União Santarém,Malut United FC
803470,Camilo Duran,low_confidence,997867.0,Camilo Durán,100.0,name,https://www.transfermarkt.com/camilo-duran/profil/spieler/997867,Lusitânia,Qarabağ FK
803827,Diogo Alexandre Leal Neto Lira,low_confidence,1480943.0,Diogo Neto,70.0,"name,age±1",https://www.transfermarkt.com/diogo-neto/profil/spieler/1480943,Torreense,SC Escolar Bombarralense
803940,Pedro Paulo da Silva Medeiros,low_confidence,1095545.0,Pepê,105.0,"name,age±1,club:AD Marco 09",https://www.transfermarkt.com/pepe/profil/spieler/1095545,AD Marco 09,AD Marco 09
804195,Martim Alberto,low_confidence,967816.0,Martim Alberto,100.0,name,https://www.transfermarkt.com/martim-alberto/profil/spieler/967816,Vitória Guimarães II,UD Almería B
805358,S. Mosquera,no_match,,,,,,,
805665,Martim José Martins Casimiro,low_confidence,1063785.0,Martim Casimiro,80.0,"name,age±1",https://www.transfermarkt.com/martim-casimiro/profil/spieler/1063785,Amora,UF Comércio e Indústria
806890,Juan Esteban  Mina Nazarit,no_match,,,,,,,
807307,J. Perea,no_match,,,,,,,
809084,X. Wurigeng,no_match,,,,,,,
809607,João Pedro Matos Rodrigues,no_match,,,,,,,
809654,Tiago Miguel Teixeira Duraes,low_confidence,1118629.0,Tiago Durães,80.0,"name,age±1",https://www.transfermarkt.com/tiago-duraes/profil/spieler/1118629,Felgueiras 1932,FC Lagares
809736,Diego Rodrigues,matched,984540.0,Diego Rodrigues,125.0,"name,club:Sporting Braga II",https://www.transfermarkt.com/diego-rodrigues/profil/spieler/984540,Sporting Braga II,SC Braga
810837,Guilherme Pires,matched,984573.0,Guilherme Pires,150.0,"name,club:Sporting CP II",https://www.transfermarkt.com/guilherme-pires/profil/spieler/984573,Sporting CP II,Sporting CP B
810865,Nathan Claxton,matched,986971.0,Nathan Claxton,130.0,"name,age±1",https://www.transfermarkt.com/nathan-claxton/profil/spieler/986971,Sporting Covilhã,Rot-Weiß Erfurt
811181,Juan Sebastian Mosquera,low_confidence,1464789.0,Sebas,30.0,"name,age±1",https://www.transfermarkt.com/sebas/profil/spieler/1464789,Sanjoanense,Hellín CF
811524,Diogo Balau,low_confidence,937392.0,Diogo Balau,100.0,name,https://www.transfermarkt.com/diogo-balau/profil/spieler/937392,União Santarém,FC Shamakhi
811937,Renzo Trotta,matched,987219.0,Renzo Trotta,155.0,"name,age±1,club:Amora",https://www.transfermarkt.com/renzo-trotta/profil/spieler/987219,Amora,Amora FC
812878,Afonso Duarte Silva,low_confidence,1025127.0,Afonso Silva,96.7,"name,age±1",https://www.transfermarkt.com/afonso-silva/profil/spieler/1025127,Caldas,Without Club
813167,Jefer Belinha Gonjo,no_match,,,,,,,
813958,João Pedro Garcia Costa Brandão Ferreira,low_confidence,967391.0,João Ferreira,88.3,"name,age±1,club:Mafra",https://www.transfermarkt.com/joao-ferreira/profil/spieler/967391,Mafra,CD Mafra
814597,Tiago Filipe Catarino,matched,1105714.0,Tiago Catarino,121.7,"name,age±1,club:Caldas",https://www.transfermarkt.com/tiago-catarino/profil/spieler/1105714,Caldas,Caldas SC
816231,Miguel Teixeira,matched,1498505.0,Miguel Teixeira,125.0,"name,club:Lusitania FC Lourosa",https://www.transfermarkt.com/miguel-teixeira/profil/spieler/1498505,Lusitania FC Lourosa,Volta Redonda FC U20
816586,T. Helguera,no_match,,,,,,,
816950,Lucas Taibo,matched,1062520.0,Lucas Taibo,150.0,"name,club:Sporting CP II",https://www.transfermarkt.com/lucas-taibo/profil/spieler/1062520,Sporting CP II,Sporting CP U23
816998,Gabriel Silva,matched,1006454.0,Gabriel Silva,150.0,"name,club:Sporting CP II",https://www.transfermarkt.com/gabriel-silva/profil/spieler/1006454,Sporting CP II,Sporting CP B
817460,Mustapha Corr,matched,1105231.0,Mustapha Corr,130.0,"name,age±1",https://www.transfermarkt.com/mustapha-corr/profil/spieler/1105231,Real SC,Without Club
817798,M. Moshood,no_match,,,,,,,
817870,Pedro Miguel Carvalho Silva,low_confidence,1057524.0,Pedro Silva,80.0,"name,age±1",https://www.transfermarkt.com/pedro-silva/profil/spieler/1057524,Mafra,Without Club
817871,Miguel Alves,matched,1072812.0,Miguel Alves,150.0,"name,club:Sporting CP II",https://www.transfermarkt.com/miguel-alves/profil/spieler/1072812,Sporting CP II,Sporting CP U23
817872,Rodrigo Dias,matched,1086722.0,Rodrigo Dias,150.0,"name,club:Sporting CP II",https://www.transfermarkt.com/rodrigo-dias/profil/spieler/1086722,Sporting CP II,Sporting CP B
817873,Alexandre Brito,low_confidence,1061568.0,Alexandre Brito,100.0,name,https://www.transfermarkt.com/alexandre-brito/profil/spieler/1061568,Sporting CP II,Pafos FC
817874,Manuel Mendonça,matched,1010120.0,Manuel Mendonça,150.0,"name,club:Sporting CP II",https://www.transfermarkt.com/manuel-mendonca/profil/spieler/1010120,Sporting CP II,Sporting CP B
817880,Rafael Nel,matched,1057523.0,Rafael Nel,150.0,"name,club:Sporting CP II",https://www.transfermarkt.com/rafael-nel/profil/spieler/1057523,Sporting CP II,Sporting CP
817933,Tiago Joaquim Da Silva Sousa,no_match,,,,,,,
817957,Guilherme Costa Barbosa,low_confidence,741504.0,Gui Barbosa,80.0,"name,age±1,club:Sporting Braga II",https://www.transfermarkt.com/gui-barbosa/profil/spieler/741504,Sporting Braga II,SC Braga U23
817958,Kyanno Lorenzo Miranda De Brito Silva,low_confidence,904961.0,Kyanno Silva,88.3,"name,age±1,club:Sporting Braga II",https://www.transfermarkt.com/kyanno-silva/profil/spieler/904961,Sporting Braga II,SC Braga U23
817959,Nuno Patrício,matched,937728.0,Nuno Patrício,125.0,"name,club:Sporting Braga II",https://www.transfermarkt.com/nuno-patricio/profil/spieler/937728,Sporting Braga II,SC Braga U23
819006,Hugo Oliveira,low_confidence,735822.0,Hugo Oliveira,100.0,name,https://www.transfermarkt.com/hugo-oliveira/profil/spieler/735822,Académica,FC Ararat-Armenia
819007,Nuno Miguel Ferreira Matos,low_confidence,982559.0,Nuno Matos,105.0,"name,age±1,club:Sporting Braga II",https://www.transfermarkt.com/nuno-matos/profil/spieler/982559,Sporting Braga II,SC Braga B
821172,Rui Pedro Quintas Santos,low_confidence,1001901.0,Rui Santos,105.0,"name,age±1,club:Sanjoanense",https://www.transfermarkt.com/rui-santos/profil/spieler/1001901,Sanjoanense,AD Sanjoanense
821385,Edmilson Mendes,matched,1001817.0,Edmilson Mendes,130.0,"name,age±1",https://www.transfermarkt.com/edmilson-mendes/profil/spieler/1001817,Montalegre,AD Baião
822335,Rodrigo Santos Conceição,low_confidence,1004017.0,Rodri,30.0,"name,age±1",https://www.transfermarkt.com/rodri/profil/spieler/1004017,CF Os Belenenses,CD Fátima
823365,Eduardho Keder Marcante,low_confidence,1004734.0,Edu Marcante,80.0,"name,age±1,club:União Santarém",https://www.transfermarkt.com/edu-marcante/profil/spieler/1004734,União Santarém,UD Santarém
824636,Afonso Fernandes de Oliveira Pinto,matched,1001652.0,Afonso Pinto,145.0,"name,age±1,club:CF Os Belenenses",https://www.transfermarkt.com/afonso-pinto/profil/spieler/1001652,CF Os Belenenses,CF Os Belenenses
824963,João Simões,matched,958937.0,João Simões,150.0,"name,club:Sporting CP II",https://www.transfermarkt.com/joao-simoes/profil/spieler/958937,Sporting CP II,Sporting CP
824971,Afonso Dias Sousa,matched,1006450.0,Afonso Sousa,121.7,"name,age±1,club:Sporting Braga II",https://www.transfermarkt.com/afonso-sousa/profil/spieler/1006450,Sporting Braga II,SC Braga B
824976,Afonso Patrão,low_confidence,1006449.0,Afonso Patrão,100.0,name,https://www.transfermarkt.com/afonso-patrao/profil/spieler/1006449,Sporting Braga II,KVC Westerlo
826511,Rafael Piteira Veiga Lopes,low_confidence,906284.0,Piteira,55.0,"name,age±1",https://www.transfermarkt.com/piteira/profil/spieler/906284,Sporting Covilhã,SC Mirandela
831982,Wendel Matheus Oliveira Souza,low_confidence,1083248.0,Wendel,80.0,"name,age±1,club:Amora",https://www.transfermarkt.com/wendel/profil/spieler/1083248,Amora,Amora FC
832169,Breno Martins Zanetti da Silva,low_confidence,1096508.0,Breno,50.0,"name,age±1",https://www.transfermarkt.com/breno/profil/spieler/1096508,União Santarém,SU Sintrense
838690,Zakhar Terpugov,matched,1172591.0,Zakhar Terpugov,130.0,"name,age±1",https://www.transfermarkt.com/zakhar-terpugov/profil/spieler/1172591,Anadia,Enisey 2 Krasnoyarsk
844183,Rodrigo Coelho Fernandes,low_confidence,1038290.0,Cascavel,55.0,"name,age±1,club:Académica",https://www.transfermarkt.com/cascavel/profil/spieler/1038290,Académica,Académica Coimbra
845354,Dário Miranda,low_confidence,1037751.0,Dário Miranda,100.0,name,https://www.transfermarkt.com/dario-miranda/profil/spieler/1037751,Lusitânia,SC Farense
846013,I. Djebate,no_match,,,,,,,
846362,Tomás Silva,low_confidence,984072.0,Tomás Silva,100.0,name,https://www.transfermarkt.com/tomas-silva/profil/spieler/984072,Oliveira Hospital,Club Atlético Platense
846386,Cheikh Niang,low_confidence,1043398.0,Cheick Niang,88.3,"name,age±1,club:Sporting Covilhã",https://www.transfermarkt.com/cheick-niang/profil/spieler/1043398,Sporting Covilhã,SC Covilhã
846491,Luiz Lopes Neto,low_confidence,1020647.0,Luiz Neto,96.7,"name,age±1",https://www.transfermarkt.com/luiz-neto/profil/spieler/1020647,Vilaverdense,AC Marinhense
846496,Guilherme Amaro Silva Sequeira,low_confidence,1041629.0,Guilherme Sequeira,80.0,"name,age±1",https://www.transfermarkt.com/guilherme-sequeira/profil/spieler/1041629,Lusitano Évora 1911,SC Salgueiros
846530,D. Soumaré,no_match,,,,,,,
846533,Idalécio Bedamone Monteiro Dias,low_confidence,1041533.0,Idalécio,80.0,"name,age±1,club:Sporting Braga II",https://www.transfermarkt.com/idalecio/profil/spieler/1041533,Sporting Braga II,SC Braga U23
846546,Diogo Madaleno,low_confidence,1043835.0,Diogo Madaleno,100.0,name,https://www.transfermarkt.com/diogo-madaleno/profil/spieler/1043835,Vilaverdense,Dobrudzha Dobrich
846555,Francisco Canário,low_confidence,795061.0,Francisco Canário,100.0,name,https://www.transfermarkt.com/francisco-canario/profil/spieler/795061,Sporting CP II,Portimonense SAD
846557,Cláudio Araújo,low_confidence,1043832.0,Cláudio Araújo,100.0,name,https://www.transfermarkt.com/claudio-araujo/profil/spieler/1043832,Varzim,Leixões SC
846818,Vasco Sousa,low_confidence,575716.0,Vasco Sousa,100.0,name,https://www.transfermarkt.com/vasco-sousa/profil/spieler/575716,Amora,Moreirense FC
846996,Didier Andradez Mosquera,low_confidence,1045742.0,Didier Mosquera,96.7,"name,age±1",https://www.transfermarkt.com/didier-mosquera/profil/spieler/1045742,Lusitânia,GD Bragança
847000,Weslei Luis Silva Ferreira,low_confidence,1045745.0,Weslei,55.0,"name,age±1",https://www.transfermarkt.com/weslei/profil/spieler/1045745,Vilaverdense,FC Oliveira do Hospital
847245,Jorge  Karseladze,no_match,,,,,,,
847272,Diogo João Clímaco Ramos,low_confidence,1044428.0,Diogo Ramos,80.0,"name,age±1",https://www.transfermarkt.com/diogo-ramos/profil/spieler/1044428,União Santarém,GD Alcochetense
847273,Diogo Brasido,low_confidence,1044429.0,Diogo Brasido,100.0,name,https://www.transfermarkt.com/diogo-brasido/profil/spieler/1044429,CF Os Belenenses,Polonia Warsaw
847296,Angelo Cardoso Santos Barbosa,low_confidence,1045300.0,Ângelo Barbosa,105.0,"name,age±1,club:Sporting Covilhã",https://www.transfermarkt.com/angelo-barbosa/profil/spieler/1045300,Sporting Covilhã,SC Covilhã
847300,Arome Emmanuel Idache,low_confidence,1045292.0,Arome,88.3,"name,age±1,club:Amarante",https://www.transfermarkt.com/arome/profil/spieler/1045292,Amarante,Amarante FC
851437,R. N'Do,no_match,,,,,,,
852737,Julián Andres Bonilla Tovar,low_confidence,592441.0,Julián Bonilla,80.0,"name,age±1",https://www.transfermarkt.com/julian-bonilla/profil/spieler/592441,Varzim,Paju Frontier
852756,Afonso Santos Soares,low_confidence,548979.0,Afonso Soares,96.7,"name,age±1",https://www.transfermarkt.com/afonso-soares/profil/spieler/548979,Vitória Guimarães II,GD Lagoa
852762,Pedro Miguel Santos Gonçalves Vieira,low_confidence,958565.0,PV,30.0,"name,age±1",https://www.transfermarkt.com/pvtm/profil/spieler/958565,Amora,Benfica Castelo Branco
852774,Francisco Augusto Araújo Pereira Longras,low_confidence,1067380.0,Longras,50.0,"name,age±1",https://www.transfermarkt.com/longras/profil/spieler/1067380,Varzim,UD Vila Chã
852776,Patrão Batu Correia,low_confidence,842737.0,Patrão,63.3,"name,age±1",https://www.transfermarkt.com/patrao/profil/spieler/842737,Fafe,GD Peniche
852777,José Thiago Ferreira da Silva Garzan,no_match,,,,,,,
852779,Eurichano Lourenço  Setila Carvalho,no_match,,,,,,,
852783,David Pereira Tomas Mendes Rebelo,matched,939845.0,David Rebelo,145.0,"name,age±1,club:CF Os Belenenses",https://www.transfermarkt.com/david-rebelo/profil/spieler/939845,CF Os Belenenses,CF Os Belenenses
852784,N''Anso Fati,no_match,,,,,,,
852787,André Fernando Marques Couto,low_confidence,967604.0,André Couto,80.0,"name,age±1",https://www.transfermarkt.com/andre-couto/profil/spieler/967604,Felgueiras 1932,Operário FC
852789,Elijah Benedict,low_confidence,896592.0,Elijah Benedict,100.0,name,https://www.transfermarkt.com/elijah-benedict/profil/spieler/896592,Sporting Covilhã,Dibba SCC
852792,Miguel Fernandes Rebelo,low_confidence,1071606.0,Rebelo,88.3,"name,age±1,club:Varzim",https://www.transfermarkt.com/rebelo/profil/spieler/1071606,Varzim,Varzim SC
852793,Francisco Brântuas Miranda,low_confidence,952050.0,Chiquinho,30.0,"name,age±1",https://www.transfermarkt.com/chiquinho/profil/spieler/952050,Pêro Pinheiro,GDU Ericeirense
852794,Bernardo Martins Santos,low_confidence,848904.0,Bernardo Santos,96.7,"name,age±1",https://www.transfermarkt.com/bernardo-santos/profil/spieler/848904,Académica,SC Salgueiros
852801,Simão Moutinho Lourenço,low_confidence,1074676.0,Simão Lourenço,96.7,"name,age±1",https://www.transfermarkt.com/simao-lourenco/profil/spieler/1074676,Oliveira Hospital,SL Nelas
852804,Duarte Miguel Silva Barandas,low_confidence,1062674.0,Barandas,105.0,"name,age±1,club:Atlético CP",https://www.transfermarkt.com/barandas/profil/spieler/1062674,Atlético CP,Atlético CP
852807,Kula,low_confidence,266907.0,Edouard Kula,50.0,name,https://www.transfermarkt.com/edouard-kula/profil/spieler/266907,Canelas 2010,Retired
852810,Diogo Veloso Cardoso,low_confidence,1086572.0,Di Cardoso,55.0,"name,age±1",https://www.transfermarkt.com/di-cardoso/profil/spieler/1086572,Académica,GD Chaves B
852822,Nuno Martins,low_confidence,487592.0,Nuno Martins,100.0,name,https://www.transfermarkt.com/nuno-martins/profil/spieler/487592,Anadia,Retired
852823,Pedro Carvalho,low_confidence,1072238.0,Pedro Carvalho,100.0,name,https://www.transfermarkt.com/pedro-carvalho/profil/spieler/1072238,CF Os Belenenses,GD Estoril Praia
852833,Darcy Ansumane Soares Cassamá,no_match,,,,,,,
852839,Tiago  Lopes Moninhas,no_match,,,,,,,
852846,Léandro  Gomes,no_match,,,,,,,
852847,Samuel Bernardo Velho,low_confidence,1063240.0,Samuel Velho,96.7,"name,age±1",https://www.transfermarkt.com/samuel-velho/profil/spieler/1063240,Fontinhas,LGC Moncarapachense
852851,Pedro Antonio Rei Jesus,low_confidence,1005424.0,Pedro Jesus,80.0,"name,age±1",https://www.transfermarkt.com/pedro-jesus/profil/spieler/1005424,1º Dezembro,Académica Coimbra
852868,Gonçalo André Cristino Luís,low_confidence,1064152.0,Gonçalo Luís,80.0,"name,age±1",https://www.transfermarkt.com/goncalo-luis/profil/spieler/1064152,Moncarapachense,FC Ferreiras
852871,Afonso Duarte de Sousa Loja,low_confidence,1064154.0,Afonso Loja,70.0,"name,age±1",https://www.transfermarkt.com/afonso-loja/profil/spieler/1064154,Moncarapachense,FC Ferreiras
852877,Evandro Miguel Ramos Barros,matched,680129.0,Evandro Barros,155.0,"name,age±1,club:CF Os Belenenses",https://www.transfermarkt.com/evandro-barros/profil/spieler/680129,CF Os Belenenses,CF Os Belenenses
852881,I. Fatadjó,no_match,,,,,,,
852907,D. D''Avilla,no_match,,,,,,,
852909,Tiago Alexandre Matos Rosário,low_confidence,998598.0,Tiago Rosário,80.0,"name,age±1",https://www.transfermarkt.com/tiago-rosario/profil/spieler/998598,1º Dezembro,UF Comércio e Indústria
853121,Guilherme Magalhães Gomes,low_confidence,1041261.0,Gui Magalhães,55.0,"name,age±1",https://www.transfermarkt.com/gui-magalhaes/profil/spieler/1041261,Amora,SU Sintrense
853122,Diogo Maria Costa Ferreira,low_confidence,1071235.0,Di Maria,100.0,"name,age±1,club:1º Dezembro",https://www.transfermarkt.com/di-maria/profil/spieler/1071235,1º Dezembro,SU 1º Dezembro
853362,André Ricardo Mendes,low_confidence,1105515.0,André Mendes,96.7,"name,age±1",https://www.transfermarkt.com/andre-mendes/profil/spieler/1105515,União de Leiria,GD Nazarenos
856239,Martim Ribeiro,matched,1064124.0,Martim Ribeiro,125.0,"name,club:União de Leiria",https://www.transfermarkt.com/martim-ribeiro/profil/spieler/1064124,União de Leiria,UD Leiria Under 23
859275,José Mário  Gomes,no_match,,,,,,,
859534,José Silva,low_confidence,9813.0,Bosingwa,0.0,name,https://www.transfermarkt.com/bosingwa/profil/spieler/9813,Sporting CP II,Retired
859536,Adam Arvelo,low_confidence,792376.0,Adam Arvelo,100.0,name,https://www.transfermarkt.com/adam-arvelo/profil/spieler/792376,Sporting CP II,Unionistas CF
859590,Mauro Couto,matched,1056907.0,Mauro Couto,150.0,"name,club:Sporting CP II",https://www.transfermarkt.com/mauro-couto/profil/spieler/1056907,Sporting CP II,Sporting CP B
861660,Edson Joelder Lobo Mucuana,low_confidence,1058056.0,Edson Mucuana,80.0,"name,age±1",https://www.transfermarkt.com/edson-mucuana/profil/spieler/1058056,Oliveira Hospital,Clube Oriental Lissabon
863087,Jónatas Xavier Zamith Oliveira Noro,low_confidence,1061378.0,Jonatás Noro,95.0,"name,age±1,club:Sporting Braga II",https://www.transfermarkt.com/jonatas-noro/profil/spieler/1061378,Sporting Braga II,SC Braga B
864630,Roger César Santos Almeida,low_confidence,1071574.0,Roger,80.0,"name,age±1,club:Amarante",https://www.transfermarkt.com/roger/profil/spieler/1071574,Amarante,Amarante FC
865484,Diogo Miguel Pereira Sequeira,low_confidence,1072390.0,Diogo Sequeira,105.0,"name,age±1,club:Varzim",https://www.transfermarkt.com/diogo-sequeira/profil/spieler/1072390,Varzim,Varzim SC
866189,S. Osei Kuffour,no_match,,,,,,,
872846,Afonso Fernandes Lopes Vieira,low_confidence,958931.0,Afonso Vieira,80.0,"name,age±1",https://www.transfermarkt.com/afonso-vieira/profil/spieler/958931,Vitória Guimarães II,CD Trofense
872852,João Martins,low_confidence,52214.0,João Martins,100.0,name,https://www.transfermarkt.com/joao-martins/profil/spieler/52214,Vitória Guimarães II,Retired
872896,Rodrigo Duarte,matched,1540000.0,Rodrigo Duarte,125.0,"name,club:Vitória Guimarães II",https://www.transfermarkt.com/rodrigo-duarte/profil/spieler/1540000,Vitória Guimarães II,GD Vitória Sernache U19
873630,Duarte Bonito,matched,1094892.0,Duarte Bonito,130.0,"name,age±1",https://www.transfermarkt.com/duarte-bonito/profil/spieler/1094892,1º Dezembro,SU Sintrense
873635,João Pedro Flores Fernandes Oliveira Machad,no_match,,,,,,,
876060,António Gil Lourenço Oliveira Valério Branco,no_match,,,,,,,
876077,João Lomba,matched,1075885.0,João Lomba,125.0,"name,club:Sporting Braga II",https://www.transfermarkt.com/joao-lomba/profil/spieler/1075885,Sporting Braga II,SC Braga B
876080,João Soares Aragão,matched,1075884.0,João Aragão,121.7,"name,age±1,club:Sporting Braga II",https://www.transfermarkt.com/joao-aragao/profil/spieler/1075884,Sporting Braga II,SC Braga B
878168,Rodrigo Abreu,matched,801429.0,Rodrigo Abreu,125.0,"name,club:Sporting Braga II",https://www.transfermarkt.com/rodrigo-abreu/profil/spieler/801429,Sporting Braga II,SC Braga U23
878201,Daniel Costa,matched,1083412.0,Daniel Costa,150.0,"name,club:Sporting CP II",https://www.transfermarkt.com/daniel-costa/profil/spieler/1083412,Sporting CP II,Sporting CP U23
878206,Denilson Santos,matched,1051766.0,Denilson Santos,150.0,"name,club:Sporting CP II",https://www.transfermarkt.com/denilson-santos/profil/spieler/1051766,Sporting CP II,Sporting CP U23
878208,Eduardo Felicissimo,matched,1081566.0,Eduardo Felicíssimo,150.0,"name,club:Sporting CP II",https://www.transfermarkt.com/eduardo-felicissimo/profil/spieler/1081566,Sporting CP II,Sporting CP B
878211,Geovany Quenda,matched,1138758.0,Geovany Quenda,150.0,"name,club:Sporting CP II",https://www.transfermarkt.com/geovany-quenda/profil/spieler/1138758,Sporting CP II,Sporting CP
878400,Hélder Oliveira,low_confidence,130873.0,Hélder Oliveira,100.0,name,https://www.transfermarkt.com/helder-oliveira/profil/spieler/130873,Sanjoanense,Retired
878442,A. Mendy,no_match,,,,,,,
878471,Francisco Guerreiro Girão Bastos,low_confidence,952040.0,Francisco Bastos,80.0,"name,age±1",https://www.transfermarkt.com/francisco-bastos/profil/spieler/952040,Pêro Pinheiro,Clube Futebol Benfica
879882,Eduardo Soqueiro Barbosa,matched,1073146.0,Eduardo Barbosa,121.7,"name,age±1,club:São João Ver",https://www.transfermarkt.com/eduardo-barbosa/profil/spieler/1073146,São João Ver,GD São Roque
880830,Paulo Alexandre  Costa Araújo,no_match,,,,,,,
881134,Guilherme Lopes Costa,low_confidence,1172577.0,Gui Costa,80.0,"name,age±1,club:Sporting Braga II",https://www.transfermarkt.com/gui-costa/profil/spieler/1172577,Sporting Braga II,SC Braga B
882039,Tiago Almeida Campas,matched,1186328.0,Tiago Campas,171.7,"name,age±1,club:São João Ver",https://www.transfermarkt.com/tiago-campas/profil/spieler/1186328,São João Ver,SC São João de Ver
883004,Yanis Franklin da Rocha,matched,1073115.0,Yanis da Rocha,130.0,"name,age±1,club:Sporting Braga II",https://www.transfermarkt.com/yanis-da-rocha/profil/spieler/1073115,Sporting Braga II,SC Braga B
883075,Alex Monteiro,low_confidence,1043863.0,Alex Monteiro,100.0,name,https://www.transfermarkt.com/alex-monteiro/profil/spieler/1043863,Felgueiras 1932,Without Club
883161,Joao Pedro Sousa Prieto Braga,low_confidence,1106829.0,João Braga,70.0,"name,age±1",https://www.transfermarkt.com/joao-braga/profil/spieler/1106829,Moncarapachense,Without Club
886105,Ebube Lucas Nzomiwu,low_confidence,1084242.0,Ebube,63.3,"name,age±1",https://www.transfermarkt.com/ebube/profil/spieler/1084242,1º Dezembro,Real SC
886194,Caio,low_confidence,725950.0,Caio,100.0,name,https://www.transfermarkt.com/caio/profil/spieler/725950,Lusitânia,---
887855,Marlom de Oliveira Couto,no_match,,,,,,,
888984,Flávio Nascimento,low_confidence,1093543.0,Flavio,50.0,name,https://www.transfermarkt.com/flavio/profil/spieler/1093543,Oliveira Hospital,Central SC
891083,Dener Santana,low_confidence,1135709.0,Dener,50.0,name,https://www.transfermarkt.com/dener/profil/spieler/1135709,1º Dezembro,Esporte Clube São Bento (SP)
893077,Clauber Ramon Cabral Rodrigues,low_confidence,1101882.0,Ramon,55.0,"name,age±1",https://www.transfermarkt.com/ramon/profil/spieler/1101882,Moncarapachense,Without Club
893162,Lucas  Villela Iapert,no_match,,,,,,,
894060,Bruno Ramos,matched,1092432.0,Bruno Ramos,150.0,"name,club:Sporting CP II",https://www.transfermarkt.com/bruno-ramos/profil/spieler/1092432,Sporting CP II,Sporting CP B
896632,S. Commey,no_match,,,,,,,
896895,Pedro Brito Teixeira,matched,1104344.0,Pedro Teixeira,121.7,"name,age±1,club:Amora",https://www.transfermarkt.com/pedro-teixeira/profil/spieler/1104344,Amora,Amora FC
900963,Chamito Loborino Alfândega,low_confidence,1111613.0,Chamito,88.3,"name,age±1,club:Varzim",https://www.transfermarkt.com/chamito/profil/spieler/1111613,Varzim,Varzim SC
901861,Rodrigo Filipe Teixeira Silva,low_confidence,1110490.0,Rodrigo Silva,80.0,"name,age±1",https://www.transfermarkt.com/rodrigo-silva/profil/spieler/1110490,Real SC,Alta de Lisboa
901883,Pedro Manuel Teixeira Lopes Esteves Santos,no_match,,,,,,,
902788,Marllon Moreira Batista dos Santos,low_confidence,979446.0,Marllon,50.0,"name,age±1",https://www.transfermarkt.com/marllon/profil/spieler/979446,AD Marco 09,Rio Branco Football Club (AC)
903075,Ewandro  Pereira dos Santos,no_match,,,,,,,
906590,Sam Pollard,matched,1084954.0,Sam Pollard,130.0,"name,age±1",https://www.transfermarkt.com/sam-pollard/profil/spieler/1084954,Vianense,Perth Azzurri
913843,Mboulou Nzigou Júnior,low_confidence,1062089.0,Mboulou Júnior,96.7,"name,age±1",https://www.transfermarkt.com/mboulou-junior/profil/spieler/1062089,Amora,CD Cinfães
913850,David José Monteiro Lopes,low_confidence,1064239.0,David Lopes,105.0,"name,age±1,club:Caldas",https://www.transfermarkt.com/david-lopes/profil/spieler/1064239,Caldas,Caldas SC
913916,José Guilherme Ribeiro,low_confidence,1093809.0,Gui,80.0,"name,age±1,club:Vitória Guimarães II",https://www.transfermarkt.com/guitm/profil/spieler/1093809,Vitória Guimarães II,Vitória Guimarães SC B
914073,Elderton Damasceno Fernandes,low_confidence,1150869.0,Igarapé,30.0,"name,age±1",https://www.transfermarkt.com/igarape/profil/spieler/1150869,Vianense,NK Croatia Orehovica
914078,G. Neiva,no_match,,,,,,,
914091,Darwin Estiven Castillo Garcia,low_confidence,1074662.0,Darwin Castillo,80.0,"name,age±1",https://www.transfermarkt.com/darwin-castillo/profil/spieler/1074662,Atlético CP,AC Malveira
914133,Kenedi Oliveira,low_confidence,1066019.0,Kenedi Oliveira,100.0,name,https://www.transfermarkt.com/kenedi-oliveira/profil/spieler/1066019,Pêro Pinheiro,SC Valenciano
914144,Edgar Domingos Nanque,matched,1063713.0,Edgar Nanque,121.7,"name,age±1,club:Sporting Braga II",https://www.transfermarkt.com/edgar-nanque/profil/spieler/1063713,Sporting Braga II,SC Braga B
914179,Kazuki Takahashi,matched,972246.0,Kazuki Takahashi,130.0,"name,age±1",https://www.transfermarkt.com/kazuki-takahashi/profil/spieler/972246,Felgueiras 1932,Retired
914224,Junilson Adriano Cá,matched,1163312.0,Junilson Cá,121.7,"name,age±1,club:Anadia",https://www.transfermarkt.com/junilson-ca/profil/spieler/1163312,Anadia,Anadia FC
914261,Daniel Almeida Santos,low_confidence,1078052.0,Daniel Santos,96.7,"name,age±1",https://www.transfermarkt.com/daniel-santos/profil/spieler/1078052,Sanjoanense,FC Maia Lidador
914277,João António Moreira Rianço,low_confidence,1074105.0,João Rianço,80.0,"name,age±1",https://www.transfermarkt.com/joao-rianco/profil/spieler/1074105,Oliveira Hospital,Mortágua FC
914280,Rui Filipe Pereira Pacheco,low_confidence,1066265.0,Rui Pacheco,105.0,"name,age±1,club:Paredes",https://www.transfermarkt.com/rui-pacheco/profil/spieler/1066265,Paredes,USC Paredes
914281,Rui Filipe Pinto Faria,low_confidence,1076386.0,Rui Faria,105.0,"name,age±1,club:Sporting Covilhã",https://www.transfermarkt.com/rui-faria/profil/spieler/1076386,Sporting Covilhã,SC Covilhã
914561,João Pedro Fernandes Batista,low_confidence,801440.0,João Batista,80.0,"name,age±1",https://www.transfermarkt.com/joao-batista/profil/spieler/801440,São João Ver,GD Peniche
914567,Diogo Santos Outeiro,matched,1065781.0,Diogo Outeiro,121.7,"name,age±1,club:Paredes",https://www.transfermarkt.com/diogo-outeiro/profil/spieler/1065781,Paredes,USC Paredes
914572,Ricardo Joaquim Ferreira Rocha,low_confidence,902869.0,Rica Rocha,100.0,"name,age±1,club:Vitória Guimarães II",https://www.transfermarkt.com/rica-rocha/profil/spieler/902869,Vitória Guimarães II,Vitória Guimarães SC B
914590,Vini Lontsi Lontsi,matched,955072.0,Vini Lontsi,130.0,"name,age±1",https://www.transfermarkt.com/vini-lontsi/profil/spieler/955072,Sporting Covilhã,União Nogueirense FC
914675,Xavi,low_confidence,7607.0,Xavi,100.0,name,https://www.transfermarkt.com/xavi/profil/spieler/7607,Trofense,Retired
914953,Yerfin Andrey Felizzola Lobo,low_confidence,1077057.0,Felizzola,55.0,"name,age±1",https://www.transfermarkt.com/felizzola/profil/spieler/1077057,1º Dezembro,AD Machico
914955,C. Okwara,no_match,,,,,,,
914975,Ronaldo Jeremy Moreira Rodrigues Coelho,low_confidence,1067163.0,Ronaldo Coelho,70.0,"name,age±1",https://www.transfermarkt.com/ronaldo-coelho/profil/spieler/1067163,Sporting Covilhã,O Elvas CAD
914981,Matias Eduardo Donga Mariano,low_confidence,1077347.0,Matias Mariano,80.0,"name,age±1",https://www.transfermarkt.com/matias-mariano/profil/spieler/1077347,Amora,Without Club
915016,Miguel Ângelo Silva,low_confidence,1210089.0,Miguel Ângelo,66.7,name,https://www.transfermarkt.com/miguel-angelo/profil/spieler/1210089,Sporting Covilhã,Retired
915047,Diogo Teixeira Batista,no_match,,,,,,,
915058,Juan David Herrera Mosquera,matched,1077060.0,David Herrera,130.0,"name,age±1,club:Atlético CP",https://www.transfermarkt.com/david-herrera/profil/spieler/1077060,Atlético CP,Atlético CP
915086,Hélder Suker Veiga Tavares,no_match,,,,,,,
915184,Francisco Cardoso Oliveira,low_confidence,1062264.0,Cardoso,88.3,"name,age±1,club:Amarante",https://www.transfermarkt.com/cardoso/profil/spieler/1062264,Amarante,Amarante FC
915262,Sandro Vidigal,matched,1006448.0,Sandro Vidigal,125.0,"name,club:Sporting Braga II",https://www.transfermarkt.com/sandro-vidigal/profil/spieler/1006448,Sporting Braga II,SC Braga B
915280,Tiago Miguel Bento Ferreira,low_confidence,1054148.0,Tiago Ferreira,105.0,"name,age±1,club:Sporting Braga II",https://www.transfermarkt.com/tiago-ferreira/profil/spieler/1054148,Sporting Braga II,SC Braga B
915313,Bruno Figueiredo,low_confidence,1065774.0,Bruno Figueiredo,100.0,name,https://www.transfermarkt.com/bruno-figueiredo/profil/spieler/1065774,União Santarém,Zabbar St. Patrick FC
915368,Ivo Silva Cláudio,low_confidence,1064082.0,Ivo Cláudio,96.7,"name,age±1",https://www.transfermarkt.com/ivo-claudio/profil/spieler/1064082,Vilaverdense,FC Serpa
915418,João Costa,low_confidence,936536.0,João Costa,100.0,name,https://www.transfermarkt.com/joao-costa/profil/spieler/936536,Atlético CP,Al-Ettifaq FC
915436,Miguel Ângelo Bastos Melo,low_confidence,1063934.0,Balelo,55.0,"name,age±1,club:Paredes",https://www.transfermarkt.com/balelo/profil/spieler/1063934,Paredes,USC Paredes
915461,André Filipe Santos Amaral,low_confidence,1070643.0,André Amaral,80.0,"name,age±1",https://www.transfermarkt.com/andre-amaral/profil/spieler/1070643,CF Os Belenenses,Kaspiy Aktau
916899,Alan  Calo,no_match,,,,,,,
918380,Rafael Alexandre  Silva Vilela,no_match,,,,,,,
921919,Francisco França,matched,1094296.0,Francisco França,125.0,"name,club:Sporting Braga II",https://www.transfermarkt.com/francisco-franca/profil/spieler/1094296,Sporting Braga II,SC Braga U23
922581,D. Michel,no_match,,,,,,,
926062,Mairlon Ramon de Lima Oliveira,matched,1202674.0,Mairlon Ramon,120.0,"name,age±1,club:Oliveira Hospital",https://www.transfermarkt.com/mairlon-ramon/profil/spieler/1202674,Oliveira Hospital,FC Oliveira do Hospital
926296,Kauê Luiz Alves de Souza,low_confidence,1127814.0,Kauê,75.0,"name,age±1,club:Mafra",https://www.transfermarkt.com/kaue/profil/spieler/1127814,Mafra,CD Mafra
927329,T. Strata,no_match,,,,,,,
933917,Martim Nascimento,low_confidence,1136984.0,Martim Nascimento,100.0,name,https://www.transfermarkt.com/martim-nascimento/profil/spieler/1136984,Anadia,Juveforce
938630,Rodrigo Osório Mordomo Silva,low_confidence,1074179.0,Mordomo,80.0,"name,age±1,club:Sporting Braga II",https://www.transfermarkt.com/mordomo/profil/spieler/1074179,Sporting Braga II,SC Braga B
939897,Flávio Gonçalves,matched,1294120.0,Flávio Gonçalves,150.0,"name,club:Sporting CP II",https://www.transfermarkt.com/flavio-goncalves/profil/spieler/1294120,Sporting CP II,Sporting CP B
941159,Rúben Alexandre Soares Furtado,low_confidence,1073601.0,Rúben Furtado,105.0,"name,age±1,club:Sporting Braga II",https://www.transfermarkt.com/ruben-furtado/profil/spieler/1073601,Sporting Braga II,SC Braga B
957329,Stanley Chimeremeze Iheanacho,matched,1171602.0,Stanley Iheanacho,121.7,"name,age±1,club:Mafra",https://www.transfermarkt.com/stanley-iheanacho/profil/spieler/1171602,Mafra,CD Mafra
958349,Danilson,low_confidence,75703.0,Danilson,100.0,name,https://www.transfermarkt.com/danilson/profil/spieler/75703,Varzim,Santos FC (ANG)
958364,Simão  Santos Azevedo,no_match,,,,,,,
958365,Gabriel Andres  Prieto Andrade,no_match,,,,,,,
958369,Rúben André  Freire Carvalho,no_match,,,,,,,
958400,Bruno Faria,matched,1076381.0,Bruno Faria,175.0,"name,club:Lusitania FC Lourosa",https://www.transfermarkt.com/bruno-faria/profil/spieler/1076381,Lusitania FC Lourosa,Lusitânia FC Lourosa
958426,Bernardo Antunes,low_confidence,1163303.0,Bernardo Antunes,100.0,name,https://www.transfermarkt.com/bernardo-antunes/profil/spieler/1163303,Pêro Pinheiro,SC Farense U23
958427,J. Figueroa,no_match,,,,,,,
958428,Miguel Bissula,low_confidence,1163300.0,Miguel Bissula,100.0,name,https://www.transfermarkt.com/miguel-bissula/profil/spieler/1163300,Pêro Pinheiro,FCM Young Boys Diekirch
958429,Rafael Martins Carvalho,low_confidence,1163302.0,Rafael Carvalho,96.7,"name,age±1",https://www.transfermarkt.com/rafael-carvalho/profil/spieler/1163302,Pêro Pinheiro,FC Alverca B
958435,Rodrigo  Melo Leite,no_match,,,,,,,
958437,Silvério Joaquim Delgado Indunga,low_confidence,1163314.0,Silvério,55.0,"name,age±1",https://www.transfermarkt.com/silverio/profil/spieler/1163314,Académica,CD Cinfães
958472,Geremie  Dougnon,no_match,,,,,,,
958475,Simão Cardoso,low_confidence,1163313.0,Simão Cardoso,100.0,name,https://www.transfermarkt.com/simao-cardoso/profil/spieler/1163313,Oliveira Hospital,Liga dos Amigos de Aguada de Cima
958790,Fodé Carlos Gaspar Pascoal,low_confidence,1172179.0,Fodé Pascoal,105.0,"name,age±1,club:Sporting Braga II",https://www.transfermarkt.com/fode-pascoal/profil/spieler/1172179,Sporting Braga II,SC Braga B
958807,Edgar Costa,low_confidence,126956.0,Edgar Costa,100.0,name,https://www.transfermarkt.com/edgar-costa/profil/spieler/126956,Académica,Retired
958926,Pedro Nelson Ribeiro Vieira,low_confidence,967161.0,Pedro Nélson,105.0,"name,age±1,club:Varzim",https://www.transfermarkt.com/pedro-nelson/profil/spieler/967161,Varzim,Varzim SC B
958941,Joaquim Afonso Ribeiro Marques,low_confidence,1173628.0,Joaquim Marques,105.0,"name,age±1,club:Amora",https://www.transfermarkt.com/joaquim-marques/profil/spieler/1173628,Amora,Amora FC
959040,Idrissa Camará Nanco,matched,1179387.0,Idrissa Nanco,121.7,"name,age±1,club:União Santarém",https://www.transfermarkt.com/idrissa-nanco/profil/spieler/1179387,União Santarém,UD Santarém
959046,G. Almeida,no_match,,,,,,,
959418,Sana Ufala,low_confidence,1165043.0,Sana Ufala,100.0,name,https://www.transfermarkt.com/sana-ufala/profil/spieler/1165043,Varzim,Estoril Praia U23
959929,Dionisio Soares Mendonça,low_confidence,1173056.0,Dionísio,63.3,"name,age±1",https://www.transfermarkt.com/dionisio/profil/spieler/1173056,Lusitano Évora 1911,SC Vianense
960044,José Maria Mendia Matos,low_confidence,1061980.0,Zé Maria,50.0,"name,age±1",https://www.transfermarkt.com/ze-maria/profil/spieler/1061980,Pêro Pinheiro,SU Sintrense
960066,Tomás Manuel Santos Damas Ildefonso,low_confidence,1166144.0,Tomás Ildefonso,70.0,"name,age±1",https://www.transfermarkt.com/tomas-ildefonso/profil/spieler/1166144,Alverca,SC Lourinhanense
960133,Simão Pedro Araújo Santos,low_confidence,1166397.0,Simão Santos,80.0,"name,age±1",https://www.transfermarkt.com/simao-santos/profil/spieler/1166397,Trofense,Dumiense/CJPII Futebol Sad
960137,João Francisco Freitas Sousa,low_confidence,1163305.0,Jinho,30.0,"name,age±1",https://www.transfermarkt.com/jinho/profil/spieler/1163305,Sanjoanense,Retired
960138,Afonso Maria Gomes Alves Pinheiro Sousa,low_confidence,1165891.0,Afonso Sousa,63.3,"name,age±1",https://www.transfermarkt.com/afonso-sousa/profil/spieler/1165891,Canelas 2010,AC Vila Meã
960139,Sandro Costa Lopes,matched,1165618.0,Sandro Lopes,121.7,"name,age±1,club:Sporting Covilhã",https://www.transfermarkt.com/sandro-lopes/profil/spieler/1165618,Sporting Covilhã,SC Covilhã B
960140,Dani,low_confidence,15951.0,Dani Alves,50.0,name,https://www.transfermarkt.com/dani-alves/profil/spieler/15951,Canelas 2010,Retired
960950,Caio dos Santos Santana,matched,1179376.0,Caio Santana,130.0,"name,age±1,club:Atlético CP",https://www.transfermarkt.com/caio-santana/profil/spieler/1179376,Atlético CP,Atlético CP
966517,Martim José  Rodrigues Paredes Ferreira,no_match,,,,,,,
967492,Widilton Jhon Santos Delgado,low_confidence,1190062.0,Dica,30.0,"name,age±1",https://www.transfermarkt.com/dica/profil/spieler/1190062,Vilaverdense,Merelinense FC
967520,Hugo Manuel Vieira Pereira Vieira Pereira,no_match,,,,,,,
967558,Leandro Micael  Barbosa Santos,no_match,,,,,,,
967575,Rodrigo  Abreu Pereira,no_match,,,,,,,
967585,Nuno  Pereira Gaspar,no_match,,,,,,,
967644,Gonçalo  Miguel Tavares Sá,no_match,,,,,,,
967663,João Miguel Costa Nogueira,matched,1135545.0,Miguel Nogueira,130.0,"name,age±1,club:Vitória Guimarães II",https://www.transfermarkt.com/miguel-nogueira/profil/spieler/1135545,Vitória Guimarães II,Vitória Guimarães SC
967678,Rodrigo Manuel Ferreira Granja,low_confidence,982574.0,Roka,55.0,"name,age±1,club:Trofense",https://www.transfermarkt.com/roka/profil/spieler/982574,Trofense,CD Trofense
967698,Kevin Kamo-Kamo Cumbane,no_match,,,,,,,
968020,Luís Salgado,matched,1184897.0,Luís Salgado,130.0,"name,age±1",https://www.transfermarkt.com/luis-salgado/profil/spieler/1184897,Sporting Covilhã,CF União Lamas
968438,Pedro André Pereira Ribeiro,low_confidence,1187032.0,Pedro Ribeiro,105.0,"name,age±1,club:Sporting Covilhã",https://www.transfermarkt.com/pedro-ribeiro/profil/spieler/1187032,Sporting Covilhã,SC Covilhã
968574,Vasco Rafael Ramos  Coelho,no_match,,,,,,,
968589,Botche Tcherno Candé,matched,1187458.0,Botche Candé,171.7,"name,age±1,club:Lusitano Évora 1911",https://www.transfermarkt.com/botche-cande/profil/spieler/1187458,Lusitano Évora 1911,Associação Lusitano de Évora 1911
968760,David Moura,low_confidence,358727.0,David Moura,100.0,name,https://www.transfermarkt.com/david-moura/profil/spieler/358727,União Santarém,Without Club
969043,Enzo Paolo Borlido Ferrara,low_confidence,1064490.0,Enzo Ferrara,80.0,"name,age±1",https://www.transfermarkt.com/enzo-ferrara/profil/spieler/1064490,Lusitânia,Without Club
982028,Jordan Saint-Louis,matched,572336.0,Jordan Saint-Louis,155.0,"name,age±1,club:Amarante",https://www.transfermarkt.com/jordan-saint-louis/profil/spieler/572336,Amarante,Amarante FC
993296,Erick Gabriel Teixeira Lima,matched,1189479.0,Erick,130.0,"name,age±1,club:São João Ver",https://www.transfermarkt.com/erick/profil/spieler/1189479,São João Ver,SC São João de Ver
993340,Tiago Daniel Silva Teixeira,low_confidence,1179895.0,Tiago Teixeira,80.0,"name,age±1",https://www.transfermarkt.com/tiago-teixeira/profil/spieler/1179895,1º Dezembro,GD Alcochetense
994506,Rui Miguel Gomes Costa,low_confidence,1179214.0,Ruca,30.0,"name,age±1",https://www.transfermarkt.com/ruca/profil/spieler/1179214,Vitória Guimarães II,CD Trofense
1010136,M. Sako,no_match,,,,,,,
1010872,Luís Pinto,low_confidence,1467878.0,Luís Pinto,100.0,name,https://www.transfermarkt.com/luis-pinto/profil/spieler/1467878,Sporting Braga II,Retired
1011537,Bi Djé Beni Junior Djé,low_confidence,1187887.0,Béni Junior,105.0,"name,age±1,club:Mafra",https://www.transfermarkt.com/beni-junior/profil/spieler/1187887,Mafra,CD Mafra
1012789,Miguel Filipe Roque Vaz,matched,1315629.0,Miguel Vaz,130.0,"name,age±1,club:Vitória Guimarães II",https://www.transfermarkt.com/miguel-vaz/profil/spieler/1315629,Vitória Guimarães II,Vitória Guimarães SC B
1012790,Tiago  Ribeiro Lopes,no_match,,,,,,,
1012791,Hugo Alexandre Ferreira Pinto,matched,1101789.0,Hugo Pinto,130.0,"name,age±1,club:Vitória Guimarães II",https://www.transfermarkt.com/hugo-pinto/profil/spieler/1101789,Vitória Guimarães II,Vitória Guimarães SC B
1014247,José Paulo Jessé,matched,1187794.0,Jessé,138.3,"name,age±1,club:São João Ver",https://www.transfermarkt.com/jesse/profil/spieler/1187794,São João Ver,SC São João de Ver
1014923,André Pinho Oliveira,matched,1265198.0,André Oliveira,146.7,"name,age±1,club:Vitória Guimarães II",https://www.transfermarkt.com/andre-oliveira/profil/spieler/1265198,Vitória Guimarães II,Vitória Guimarães SC B
1015616,Miguel Alexis Moreno Moreno,matched,1172508.0,Miguel Moreno,121.7,"name,age±1,club:Paredes",https://www.transfermarkt.com/miguel-moreno/profil/spieler/1172508,Paredes,USC Paredes
1018393,Tiago Miguel Monteiro Florim,low_confidence,1193964.0,Tiago Florim,80.0,"name,age±1",https://www.transfermarkt.com/tiago-florim/profil/spieler/1193964,Sanjoanense,Pallixouriakos
1021330,Afonso Carvalho Machado,low_confidence,1328564.0,Afonso Machado,96.7,"name,age±1",https://www.transfermarkt.com/afonso-machado/profil/spieler/1328564,Caldas,Estrela Futebol Clube Ouriquense
1023284,João Casimiro,low_confidence,1197998.0,João Casimiro,100.0,name,https://www.transfermarkt.com/joao-casimiro/profil/spieler/1197998,Amora,Portimonense SAD U23
1023676,Rodrigo Amarante Teixeira,matched,1294221.0,Rodrigo Teixeira,121.7,"name,age±1,club:União Santarém",https://www.transfermarkt.com/rodrigo-teixeira/profil/spieler/1294221,União Santarém,UD Santarém
1027830,Vasco Moura Cunha,matched,1198222.0,Vasco Cunha,121.7,"name,age±1,club:Sporting Covilhã",https://www.transfermarkt.com/vasco-cunha/profil/spieler/1198222,Sporting Covilhã,SC Covilhã
1028916,Flinto Costa,matched,1436884.0,Flinto Costa,125.0,"name,club:Sporting Braga II",https://www.transfermarkt.com/flinto-costa/profil/spieler/1436884,Sporting Braga II,SC Braga U19
1029016,Salvador Blopa,matched,1294105.0,Salvador Blopa,150.0,"name,club:Sporting CP II",https://www.transfermarkt.com/salvador-blopa/profil/spieler/1294105,Sporting CP II,Sporting CP B
1030235,Valter Manuel Monteiro,low_confidence,1146096.0,Valter Monteiro,96.7,"name,age±1",https://www.transfermarkt.com/valter-monteiro/profil/spieler/1146096,Mafra,CA Petróleos Luanda
1035379,David Miguel Bento dos Santos,low_confidence,1214182.0,David Santos,70.0,"name,age±1",https://www.transfermarkt.com/david-santos/profil/spieler/1214182,Sanjoanense,Oliveira do Bairro SC
1038037,Fernando Silva Azevedo,matched,1222439.0,Fernando Azevedo,146.7,"name,age±1,club:Vitória Guimarães II",https://www.transfermarkt.com/fernando-azevedo/profil/spieler/1222439,Vitória Guimarães II,Vitória Guimarães SC B
1038757,Valentim Ferreira Sousa,low_confidence,1293517.0,Tim,105.0,"name,age±1,club:AD Marco 09",https://www.transfermarkt.com/timtm/profil/spieler/1293517,AD Marco 09,AD Marco 09
1038929,Nilton Cardoso,low_confidence,1236957.0,Nilton Cardoso,100.0,name,https://www.transfermarkt.com/nilton-cardoso/profil/spieler/1236957,Sporting CP II,SCU Torreense Sub-23
1038933,Gustavo Ribeiro,matched,1322007.0,Gustavo Ribeiro,125.0,"name,club:Lusitânia",https://www.transfermarkt.com/gustavo-ribeiro/profil/spieler/1322007,Lusitânia,SC Lusitânia U19
1038954,Nicolas Lorenzo Miguel Damaso,low_confidence,1299197.0,Nico Damaso,75.0,"name,age±1,club:Fafe",https://www.transfermarkt.com/nico-damaso/profil/spieler/1299197,Fafe,AD Fafe
1039038,Rodrigo Magro Silva,matched,1100308.0,Rodrigo Silva,146.7,"name,age±1,club:Vitória Guimarães II",https://www.transfermarkt.com/rodrigo-silva/profil/spieler/1100308,Vitória Guimarães II,Vitória Guimarães SC B
1039048,Tomás Rodrigues,matched,1199782.0,Tomás Rodrigues,150.0,"name,club:Vitória Guimarães II",https://www.transfermarkt.com/tomas-rodrigues/profil/spieler/1199782,Vitória Guimarães II,Vitória Guimarães SC U19
1039052,Nazar Terpugov,matched,1403128.0,Nazar Terpugov,130.0,"name,age±1",https://www.transfermarkt.com/nazar-terpugov/profil/spieler/1403128,Anadia,Enisey 2 Krasnoyarsk
1039096,Quintino da Silva,low_confidence,1108391.0,Quintino da Silva,100.0,name,https://www.transfermarkt.com/quintino-da-silva/profil/spieler/1108391,Real SC,SU 1º Dezembro B
1039211,N'Dombele Paulo João Bernardo,low_confidence,1298270.0,Chadai,30.0,"name,age±1",https://www.transfermarkt.com/chadai/profil/spieler/1298270,São João Ver,AC Vila Meã
1039236,Duarte Simões Carreira,matched,1160113.0,Duarte Carreira,146.7,"name,age±1,club:Vitória Guimarães II",https://www.transfermarkt.com/duarte-carreira/profil/spieler/1160113,Vitória Guimarães II,Vitória Guimarães SC B
1039300,Santiago Verdi Oliveira Silva,low_confidence,1093061.0,Santi Verdi,100.0,"name,age±1,club:Vitória Guimarães II",https://www.transfermarkt.com/santi-verdi/profil/spieler/1093061,Vitória Guimarães II,Vitória Guimarães SC B
1039302,Martim Costa Guedes,low_confidence,1199783.0,Zeega,80.0,"name,age±1,club:Vitória Guimarães II",https://www.transfermarkt.com/zeega/profil/spieler/1199783,Vitória Guimarães II,Vitória Guimarães SC B
1039358,Afonso  Pinheiro da Costa,no_match,,,,,,,
1039527,Jota,matched,329812.0,Jota,125.0,"name,club:Lusitania FC Lourosa",https://www.transfermarkt.com/jota/profil/spieler/329812,Lusitania FC Lourosa,Celtic FC
1039556,Rafinha Monteiro,no_match,,,,,,,
1039596,Catarino César Simões Pascoal,low_confidence,1438171.0,Catarino,105.0,"name,age±1,club:Atlético CP",https://www.transfermarkt.com/catarino/profil/spieler/1438171,Atlético CP,Atlético CP
1039680,Miguel Faneco Real Teixeira,matched,1348218.0,Faneco,130.0,"name,age±1,club:Lusitania FC Lourosa",https://www.transfermarkt.com/faneco/profil/spieler/1348218,Lusitania FC Lourosa,Lusitânia FC Lourosa U19
1039755,Rodrigo Maria Miranda Silva Duarte Gomes,matched,1307488.0,Rodrigo Gomes,138.3,"name,age±1,club:CF Os Belenenses",https://www.transfermarkt.com/rodrigo-gomes/profil/spieler/1307488,CF Os Belenenses,CF Os Belenenses Under 19
1039763,Santiago Serra,matched,1293133.0,Santiago Serra,125.0,"name,club:Mafra",https://www.transfermarkt.com/santiago-serra/profil/spieler/1293133,Mafra,CD Mafra
1039915,Miguel Marques Violante Galeano,low_confidence,1226678.0,Miguel Galeano,80.0,"name,age±1",https://www.transfermarkt.com/miguel-galeano/profil/spieler/1226678,Académica,FC Famalicão U23
1039984,Guilherme Luis Soares Pinheiro,low_confidence,1094298.0,Guilherme Pinheiro,105.0,"name,age±1,club:Amora",https://www.transfermarkt.com/guilherme-pinheiro/profil/spieler/1094298,Amora,Amora FC
1040845,Noah Lauren Trudel dos Santos,low_confidence,993553.0,Noah Santos,70.0,"name,age±1",https://www.transfermarkt.com/noah-santos/profil/spieler/993553,Académica,Leça FC
1042851,Davi Barreto Soeiro,low_confidence,1296711.0,Davi Soeiro,96.7,"name,age±1",https://www.transfermarkt.com/davi-soeiro/profil/spieler/1296711,Oliveira Hospital,AD Nogueirense
1043957,João Pedro Costa Santos,low_confidence,1226677.0,João Santos,80.0,"name,age±1",https://www.transfermarkt.com/joao-santos/profil/spieler/1226677,Oliveira Hospital,Without Club
1044264,Pedro Dinis Brito Gomes,low_confidence,1226669.0,Pedro Brito,105.0,"name,age±1,club:Sporting Covilhã",https://www.transfermarkt.com/pedro-brito/profil/spieler/1226669,Sporting Covilhã,SC Covilhã
1044308,Marcos Pinheiro da Silva,low_confidence,1239969.0,Urco,30.0,"name,age±1",https://www.transfermarkt.com/urco/profil/spieler/1239969,Oliveira Hospital,Tapajós Futebol Clube (PA)
1045217,João Filipe  de Azevedo Carvalho,no_match,,,,,,,
1046000,Tiago Moninhas,low_confidence,1072110.0,Tiago Moninhas,100.0,name,https://www.transfermarkt.com/tiago-moninhas/profil/spieler/1072110,CF Os Belenenses,SC Vianense
1047345,Mohamed Konaté,matched,1352307.0,Mohamed Konaté,130.0,"name,age±1",https://www.transfermarkt.com/mohamed-konate/profil/spieler/1352307,Sporting Covilhã,Without Club
1050525,Duarte Tomé Marrafa Figueira Martins,matched,1256418.0,Duarte Martins,145.0,"name,age±1,club:Lusitano Évora 1911",https://www.transfermarkt.com/duarte-martins/profil/spieler/1256418,Lusitano Évora 1911,Associação Lusitano de Évora 1911
1062373,Matheus Meireles Pavia De Araujo,no_match,,,,,,,
1063674,Rúben Ribeiro,low_confidence,52480.0,Rúben Ribeiro,100.0,name,https://www.transfermarkt.com/ruben-ribeiro/profil/spieler/52480,Varzim,Retired
1067376,Yaya Dramé,low_confidence,1045839.0,Yaya Dramé,100.0,name,https://www.transfermarkt.com/yaya-drame/profil/spieler/1045839,Lusitânia,Chernomorets 1919 Burgas
1074851,Miguel  Monte Vila Cova,no_match,,,,,,,
1079954,Federico Daniel Cezar,matched,1112997.0,Federico Cezar,121.7,"name,age±1,club:Sanjoanense",https://www.transfermarkt.com/federico-cezar/profil/spieler/1112997,Sanjoanense,AD Sanjoanense
1081021,Emanuel Fernando Candimba Gonçalves,low_confidence,1152644.0,Manu,55.0,"name,age±1,club:União Santarém",https://www.transfermarkt.com/manu/profil/spieler/1152644,União Santarém,UD Santarém
1086061,Rafael Silva Peixoto,no_match,,,,,,,
1086073,Guilherme Mendes Paula,matched,1277216.0,Guilherme Paula,146.7,"name,age±1,club:Vitória Guimarães II",https://www.transfermarkt.com/guilherme-paula/profil/spieler/1277216,Vitória Guimarães II,Vitória Guimarães SC B
1086079,Diogo Nicolau Gonçalves Oliveira,low_confidence,1276263.0,Nico,30.0,"name,age±1",https://www.transfermarkt.com/nico/profil/spieler/1276263,Vilaverdense,Associação Naval 1893
1086093,Leandro  Tavares,no_match,,,,,,,
1086094,Gonçalo  Águas,no_match,,,,,,,
1086096,Maisser Ramy Bouteba,matched,1234186.0,Maisser Ramy Bouteba,130.0,"name,age±1",https://www.transfermarkt.com/maisser-ramy-bouteba/profil/spieler/1234186,Lusitânia,Without Club
1089095,ricardo alexandre,low_confidence,1291178.0,Ricky,55.0,"name,age±1,club:Caldas",https://www.transfermarkt.com/ricky/profil/spieler/1291178,Caldas,Caldas SC
1089863,Rafael Silva,matched,1187685.0,Rafael Silva,130.0,"name,age±1",https://www.transfermarkt.com/rafael-silva/profil/spieler/1187685,Sanjoanense,GD Sesimbra
1090089,Renato Loureiro Miranda,low_confidence,1291777.0,Renato Miranda,96.7,"name,age±1",https://www.transfermarkt.com/renato-miranda/profil/spieler/1291777,Varzim,Desportivo Monção
1090563,Baissa Niambélé,matched,1292493.0,Baissa Niambélé,130.0,"name,age±1",https://www.transfermarkt.com/baissa-niambele/profil/spieler/1292493,Vilaverdense,SC Praiense
1094139,Moussa Fode Camara,matched,1293132.0,Moussa Camara,121.7,"name,age±1,club:Mafra",https://www.transfermarkt.com/moussa-camara/profil/spieler/1293132,Mafra,CD Mafra
1095978,Gustavo Leal Ramos Vicente,matched,1490992.0,Gustavo Vicente,130.0,"name,age±1,club:Lusitano Évora 1911",https://www.transfermarkt.com/gustavo-vicente/profil/spieler/1490992,Lusitano Évora 1911,Lusitano de Évora B
1097052,Tangu Gaston Gladilson,no_match,,,,,,,
1098228,Isnaba  Ioncana,no_match,,,,,,,
1098265,Mathias Tepe,matched,1089041.0,Mathias Tepe,180.0,"name,age±1,club:Vitória Guimarães II",https://www.transfermarkt.com/mathias-tepe/profil/spieler/1089041,Vitória Guimarães II,Vitória Guimarães SC B
1098294,André Monteiro  Coutinho,no_match,,,,,,,
1098564,Armando Mileu Salema Paiva Barreiros,low_confidence,1165076.0,Armandinho,30.0,"name,age±1",https://www.transfermarkt.com/armandinho/profil/spieler/1165076,Amora,UF Comércio e Indústria
1098695,Luis Miguel  Garro Lopez,no_match,,,,,,,
1098781,Francisco Lagos Dias,matched,1335120.0,Francisco Dias,146.7,"name,age±1,club:Vitória Guimarães II",https://www.transfermarkt.com/francisco-dias/profil/spieler/1335120,Vitória Guimarães II,Vitória Guimarães SC B
1098912,David Kusso,low_confidence,1298195.0,David Kusso,100.0,name,https://www.transfermarkt.com/david-kusso/profil/spieler/1298195,Sanjoanense,GD Chaves
1099114,Marcelo Moreno Tavares Cunha,low_confidence,1322529.0,Marcelo Cunha,105.0,"name,age±1,club:Amarante",https://www.transfermarkt.com/marcelo-cunha/profil/spieler/1322529,Amarante,Amarante FC
1103156,Afonso Duarte,matched,992541.0,Afonso Duarte,155.0,"name,age±1,club:Sporting Braga II",https://www.transfermarkt.com/afonso-duarte/profil/spieler/992541,Sporting Braga II,SC Braga B
1103958,I. Fontes,no_match,,,,,,,
1103998,Diogo Lobo,matched,1333545.0,Diogo Lobo,125.0,"name,club:Sporting Braga II",https://www.transfermarkt.com/diogo-lobo/profil/spieler/1333545,Sporting Braga II,SC Braga B
1105237,João Filipe  Moreira Leal,no_match,,,,,,,
1108108,Matheus Silva,matched,1237356.0,Matheus Silva,130.0,"name,age±1",https://www.transfermarkt.com/matheus-silva/profil/spieler/1237356,Sanjoanense,Without Club
1109617,J. Santos,no_match,,,,,,,
1114273,Peter Santos,low_confidence,587762.0,Peter Santos de Sousa,50.0,name,https://www.transfermarkt.com/peter-santos-de-sousa/profil/spieler/587762,Caldas,FC Farvagny/Ogoz II
1126972,Daniel Robertson,matched,950917.0,Daniel Robertson,130.0,"name,age±1",https://www.transfermarkt.com/daniel-robertson/profil/spieler/950917,Vilaverdense,Graciosa FC
1131263,João Moisés Gastão,matched,1321718.0,João Gastão,171.7,"name,age±1,club:CF Os Belenenses",https://www.transfermarkt.com/joao-gastao/profil/spieler/1321718,CF Os Belenenses,CF Os Belenenses
1132288,Samba Diatara,matched,1312719.0,Samba Diatara,130.0,"name,age±1",https://www.transfermarkt.com/samba-diatara/profil/spieler/1312719,Sporting Braga II,Degerfors IF
1143363,John Junior,low_confidence,229360.0,John Junior,100.0,name,https://www.transfermarkt.com/john-junior/profil/spieler/229360,União Santarém,Retired
1143740,Josenildo Silva,low_confidence,313969.0,Nildo,0.0,name,https://www.transfermarkt.com/nildo/profil/spieler/313969,Vilaverdense,Without Club
1143777,Pedro Maria Mendes Nogueira Ramos,matched,1334991.0,Pedro Ramos,120.0,"name,age±1,club:1º Dezembro",https://www.transfermarkt.com/pedro-ramos/profil/spieler/1334991,1º Dezembro,SU 1º Dezembro
1147415,Ukeme Nyah,matched,1342154.0,Ukeme Nyah,130.0,"name,age±1",https://www.transfermarkt.com/ukeme-nyah/profil/spieler/1342154,União Santarém,SV Wildon
1150532,Diogo Emanuel Dias  Monteiro,no_match,,,,,,,
1152278,Tomas Teixeira,matched,1348724.0,Tomás Teixeira,155.0,"name,age±1,club:Fafe",https://www.transfermarkt.com/tomas-teixeira/profil/spieler/1348724,Fafe,AD Fafe
1152320,Mateus Magalhães,matched,1348367.0,Mateus Magalhães,155.0,"name,age±1,club:Caldas",https://www.transfermarkt.com/mateus-magalhaes/profil/spieler/1348367,Caldas,Caldas SC
1153574,Sekou Diancoumba,matched,1351100.0,Sekou Diancoumba,130.0,"name,age±1",https://www.transfermarkt.com/sekou-diancoumba/profil/spieler/1351100,Vilaverdense,SC Covilhã
1154668,Miguel Maria Fernandes Costa,low_confidence,1353706.0,Miguel Costa,105.0,"name,age±1,club:Caldas",https://www.transfermarkt.com/miguel-costa/profil/spieler/1353706,Caldas,Caldas SC
1160587,Eduardo  Ferreira,no_match,,,,,,,
1161388,Mahamadou Diawara,matched,1051755.0,Mahamadou Diawara,180.0,"name,age±1,club:1º Dezembro",https://www.transfermarkt.com/mahamadou-diawara/profil/spieler/1051755,1º Dezembro,SU 1º Dezembro
1167926,Manu xx,no_match,,,,,,,
1168008,John Daniel,low_confidence,292563.0,John Daniel Gudjónsson,66.7,name,https://www.transfermarkt.com/john-daniel-gudjonsson/profil/spieler/292563,Sanjoanense,Retired
1168085,Shuta Lio,no_match,,,,,,,
1168094,Domilson Kipanda,matched,1005418.0,Domilson Kipanda,130.0,"name,age±1",https://www.transfermarkt.com/domilson-kipanda/profil/spieler/1005418,Lusitânia,SC Beira-Mar
1170597,Sidy Koume,matched,1466505.0,Sidy Koumé,155.0,"name,age±1,club:União Santarém",https://www.transfermarkt.com/sidy-koume/profil/spieler/1466505,União Santarém,UD Santarém
1170839,Goncalo  Silva,no_match,,,,,,,
1172330,Rui Miguel Silva Peixoto,low_confidence,1380743.0,Peixoto,80.0,"name,age±1,club:Sporting Covilhã",https://www.transfermarkt.com/peixoto/profil/spieler/1380743,Sporting Covilhã,SC Covilhã Y19
1172463,M. Seye,no_match,,,,,,,
1172464,Alfonso Boss,no_match,,,,,,,
1185139,José Guilherme Tavares Almeida Rocha Cardoso,no_match,,,,,,,
1190512,William Maia Guilherme Gomes Maia,no_match,,,,,,,
1192733,Rafa Gomes,matched,1291661.0,Rafa Gomes,155.0,"name,age±1,club:Sanjoanense",https://www.transfermarkt.com/rafa-gomes/profil/spieler/1291661,Sanjoanense,AD Sanjoanense
1195620,Jordy Jefferson Arrieta Arroyo,matched,1408878.0,Jordy Arroyo,130.0,"name,age±1,club:1º Dezembro",https://www.transfermarkt.com/jordy-arroyo/profil/spieler/1408878,1º Dezembro,SU 1º Dezembro
1195621,Graciano Ulysses  Dias Tavares,no_match,,,,,,,
1218663,Feliciano Mendes,matched,1052684.0,Feliciano Mendes,130.0,"name,age±1",https://www.transfermarkt.com/feliciano-mendes/profil/spieler/1052684,Amarante,US Sainte-Anne de Vertou
1218668,Samuel Oliveira Vivas Castro,low_confidence,1115119.0,Samuel Vivas,105.0,"name,age±1,club:Amarante",https://www.transfermarkt.com/samuel-vivas/profil/spieler/1115119,Amarante,Amarante FC
1218673,Gonçalo Pinheiro Sousa,matched,1426912.0,Gonçalo Sousa,121.7,"name,age±1,club:Amarante",https://www.transfermarkt.com/goncalo-sousa/profil/spieler/1426912,Amarante,Amarante FC
1218685,Fábio Cruz,matched,679977.0,Fábio Cruz,155.0,"name,age±1,club:Sporting Covilhã",https://www.transfermarkt.com/fabio-cruz/profil/spieler/679977,Sporting Covilhã,SC Covilhã
1218722,Adilson Danilson Cunha Cabral,low_confidence,1407915.0,Dedé,30.0,"name,age±1",https://www.transfermarkt.com/dede/profil/spieler/1407915,1º Dezembro,SU Sintrense
1219134,Joel Alexandre  Gonçalves Oliveira,no_match,,,,,,,
1219460,Diego  Arezes,no_match,,,,,,,
1230972,T. Soares,no_match,,,,,,,
1258627,Jhon Collazos,low_confidence,1466510.0,Jhon Ordoñez,88.3,"name,age±1,club:Sanjoanense",https://www.transfermarkt.com/jhon-ordonez/profil/spieler/1466510,Sanjoanense,AD Sanjoanense
1258668,Bi Aliou Isaac Djei,low_confidence,1313532.0,Isaac,80.0,"name,age±1,club:Caldas",https://www.transfermarkt.com/isaac/profil/spieler/1313532,Caldas,Caldas SC
1258738,Amadou Samate,matched,1466531.0,Samate Amadou,130.0,"name,age±1",https://www.transfermarkt.com/samate-amadou/profil/spieler/1466531,União Santarém,SK Super Nova
1280559,Josemar Sicuba,matched,1380562.0,Josemar Sicuba,180.0,"name,age±1,club:Vitória Guimarães II",https://www.transfermarkt.com/josemar-sicuba/profil/spieler/1380562,Vitória Guimarães II,Vitória Guimarães SC B
1292574,Jean Maicol Berrio Rodriguez,low_confidence,1502107.0,Jean Maicol,105.0,"name,age±1,club:Sanjoanense",https://www.transfermarkt.com/jean-maicol/profil/spieler/1502107,Sanjoanense,AD Sanjoanense
